id,nama,kategori,foto
CCTV HIK,CCTV HIKVISION,CCTV,img\brand\HIKVISION LOGO.png
CCTV DAHUA,CCTV DAHUA,CCTV,img\brand\DAHUA LOGO.png
CCTV EZVIZ,CCTV EZVIZ,CCTV,img\brand\EZVIZ LOGO.png
LAPTOP ASUS,LAPTOP ASUS,LAPTOP,img\brand\ASUS LOGO.png
LAPTOP ACER,LAPTOP ACER,LAPTOP,img\brand\ACER LOGO.png
LAPTOP AXIOO,LAPTOP AXIOO,LAPTOP,img\brand\AXIOO LOGO.png
LAPTOP LENOVO,LAPTOP LENOVO,LAPTOP,img\brand\LENOVO LOGO.png
EPSON,EPSON,PRINTER,img\brand\EPSON LOGO.png
CANON,CANON,PRINTER,img\brand\CANON LOGO.png
INTEL ,INTEL,PROCESSOR,img\brand\INTEL LOGO.png
AMD,AMD,PROCESSOR,img\brand\AMD LOGO.png
SAMSUNG,SAMSUNG,SMARTPHONE,img\brand\SAMSUNG LOGO.png
REALME,REALME,SMARTPHONE,img\brand\REALME LOGO.png
OPPO,OPPO,SMARTPHONE,img\brand\OPPO LOGO.png
VIVO,VIVO,SMARTPHONE,img\brand\VIVO LOGO.png
SMARTPHONE XIAOMI,SMARTPHONE XIAOMI,SMARTPHONE,img\brand\XIAOMI LOGO.png
TECNO,TECNO,SMARTPHONE,img\brand\TECNO LOGO.png
CORSAIR ,CORSAIR,RAM,img\brand\CORSAIR LOGO.png
RAM VGEN,RAM VGEN ,RAM,img\brand\VGEN LOGO.png
SEAGATE,SEAGATE,HARDDISK,img\brand\SEAGATE LOGO.png
WESTERN DIGITAL,WESTERN DIGITAL,HARDDISK,img\brand\WD LOGO.png
SSD VGEN PLATINUM,SSD VGEN PLATINUM,SSD,img\brand\VGEN LOGO.png
SSD VGEN RESCUE,SSD VGEN RESCUE,SSD,img\brand\VGEN LOGO.png
SSD VGEN PORTABLE,SSD VGEN PORTABLE,SSD,img\brand\VGEN LOGO.png
ADATA,ADATA,SSD,img\brand\ADATA LOGO.png
YUASA,YUASA,BATERAI UPS,img\brand\YUASA LOGO.png
CUBE GAMING,CUBE GAMING,POWER SUPPLY,img\brand\CUBE GAMIN GLOGO.jfif
CORSAIR ,CORSAIR,POWER SUPPLY,img\brand\CORSAIR LOGO.png
PNY,PNY,POWER SUPPLY,img\brand\PNY LOGO.png
MSI,MSI,MOTHERBOARD,img\brand\MSI LOGO.png
GIGABYTE,GIGABYTE,MOTHERBOARD,img\brand\GIGABYTE LOGO.png
ASUS,ASUS,MOTHERBOARD,img\brand\ASUS LOGO.png
ENLIGHT,ENLIGHT,POWER SUPPLY,img\brand\ENLIGHT LOGO.png
ASROCK ,ASROCK,MOTHERBOARD,img\brand\ASROCK LOGO.png
ECS,ECS,MOTHERBOARD,img\brand\ECS LOGO.png
FLASHDISK VGEN,FLASHDISK VGEN,AKSESORIES ,img\brand\VGEN LOGO.png
MEMORY SD CCTV,MEMORY SD CCTV,SPAREPART CCTV,img\brand\MEMORY SD.jfif
BRACKET CCTV EZVIZ,BRACKET CCTV EZVIZ,SPAREPART CCTV,img\brand\BRACKET CCTV EZVIZ.jfif
PC AIO LENOVO,PC AIO LENOVO,PC READY,img\brand\PC AIO LENOVO.jfif
SMARTLOCK EZVIZ,SMARTLOCK EZVIZ,SMARTLOCK,img\brand\EZVIZ LOGO.png
SISTEM,SISTEM,SERVICE,img\brand\SISTEM.jfif
RESET PRINTER,RESET PRINTER,SERVICE,img\brand\PRINTER 1.jfif
CLEANING DEBU PC/LAPTOP,CLEANING DEBU PC/LAPTOP,SERVICE,img\brand\CLEANING DEBU.jfif
RUIJIE,RUIJIE,NETWORKING,img\brand\ruijie logo.png
TP LINK,TP LINK,NETWORKING,img\brand\tp link logo.png
TARMOC,TARMOC,NETWORKING,img\brand\tarmoc logo.png
MIKROTIK,MIKROTIK,NETWORKING,img\brand\mikrotik.png
TOOLS,TOOLS,AKSESORIES ,img\brand\TOOLS.png
HUAWEI,HUAWEI,SMARTPHONE,img\brand\HUAWEI.png
XIAOMI SMART TV,XIAOMI SMART TV,SMART TV,img\brand\XIAOMI LOGO.png
SONY PLAYSTATION,SONY PLAYSTATION,PLAY STATION,img\brand\SONY PLAYSTATION.png
IPOS,IPOS,PROGRAM KASIR,img\brand\IPOS.jfif
POWER SUPPLY CCTV,POWER SUPPLY CCTV,SPAREPART CCTV,img\brand\PSU CCTV.jpg
INFINIX,INFINIX,SMARTPHONE,img\brand\INFINIX.png
KABEL FIBER OPTIK,KABEL FIBER OPTIK,NETWORKING,img\brand\KABEL FO.webp
INDOSAT ROUTER,INDOSAT ROUTER,NETWORKING,img\brand\INDOSAT ROUTER.png
MERCUSYS,MERCUSYS,NETWORKING,img\brand\MERCUSYS.png
KABEL COAXIAL CCTV,KABEL COAXIAL CCTV,SPAREPART CCTV,img\brand\KABEL COAXIAL.jfif
PAKET INCLUDE INSTALASI,PAKET INCLUDE INSTALASI,CCTV,img\brand\EZVIZ LOGO.png
LG,LG,MONITOR,img\brand\LG LOGO.png
APPLE,APPLE,SMARTPHONE,img\brand\APPLE.png
TINTA PRINTER EPSON,TINTA PRINTER EPSON,PRINTER,img\brand\tinta epson 003.jpg
