id,nama,harga,brand,foto,spek,harga_promo
P01,CCTV EZVIZ INDOOR C6N  G1 8MP,749000,CCTV EZVIZ,img\produk\C6N G1 8MP.jfif,kamera cctv indoor BERGARANSI 1 TAHUN (belum include biaya pasang),
P02,CCTV EZVIZ INDOOR C6N  2MP,439000,CCTV EZVIZ,img\produk\C6N 2MP.webp,kamera cctv indoor BERGARANSI 1 TAHUN (belum include biaya pasang),
P03,CCTV EZVIZ INDOOR TY1 2MP,439000,CCTV EZVIZ,img\produk\TY1 3MP.jfif,kamera cctv indoor BERGARANSI 1 TAHUN (belum include biaya pasang),
P04,CCTV EZVIZ INDOOR C6N  3MP,485000,CCTV EZVIZ,img\produk\C6N 2MP.webp,kamera cctv indoor BERGARANSI 1 TAHUN (belum include biaya pasang),
P05,CCTV EZVIZ INDOOR TY1 3MP,485000,CCTV EZVIZ,img\produk\TY1 3MP.jfif,kamera cctv indoor BERGARANSI 1 TAHUN (belum include biaya pasang),
P06,CCTV EZVIZ INDOOR C6N  5MP,589000,CCTV EZVIZ,img\produk\C6N 2MP.webp,kamera cctv indoor BERGARANSI 1 TAHUN (belum include biaya pasang),
P07,CCTV EZVIZ INDOOR TY1 5MP,589000,CCTV EZVIZ,img\produk\TY1 5MP.jfif,kamera cctv indoor BERGARANSI 1 TAHUN (belum include biaya pasang),
P08,CCTV EZVIZ INDOOR H1C 2MP,349000,CCTV EZVIZ,img\produk\H1C 2MP.jfif,kamera cctv indoor BERGARANSI 1 TAHUN (belum include biaya pasang),
P09,CCTV EZVIZ INDOOR H6C 2MP,395000,CCTV EZVIZ,img\produk\H6C 2MP.jfif,kamera cctv indoor BERGARANSI 1 TAHUN (belum include biaya pasang),
P10,CCTV EZVIZ INDOOR H6C 3MP,485000,CCTV EZVIZ,img\produk\H6C 3MP.jfif,kamera cctv indoor BERGARANSI 1 TAHUN (belum include biaya pasang),
P11,CCTV EZVIZ INDOOR H6C 5MP,589000,CCTV EZVIZ,img\produk\H6C 3MP.jfif,kamera cctv indoor BERGARANSI 1 TAHUN (belum include biaya pasang),
P12,CCTV EZVIZ INDOOR H7C 4MP,799000,CCTV EZVIZ,img\produk\H7C 4MP.jfif,kamera cctv indoor BERGARANSI 1 TAHUN (belum include biaya pasang),
P13,CCTV EZVIZ OUTDOOR H3C 2MP,626000,CCTV EZVIZ,img\produk\H3C 2MP.jfif,kamera cctv outdoor BERGARANSI 1 TAHUN (belum include biaya pasang),
P14,CCTV EZVIZ OUTDOOR H3C 4MP,799000,CCTV EZVIZ,img\produk\H3C 4MP.jfif,kamera cctv outdoor BERGARANSI 1 TAHUN (belum include biaya pasang),
P15,CCTV EZVIZ OUTDOOR H8C 2MP,659000,CCTV EZVIZ,img\produk\H8C 2MP.webp,kamera cctv outdoor BERGARANSI 1 TAHUN (belum include biaya pasang),
P16,CCTV EZVIZ OUTDOOR H8C 3MP,719000,CCTV EZVIZ,img\produk\H8C 2MP.webp,kamera cctv outdoor BERGARANSI 1 TAHUN (belum include biaya pasang),
P17,CCTV EZVIZ OUTDOOR H8C 4MP,819000,CCTV EZVIZ,img\produk\H8C 2MP.webp,kamera cctv outdoor BERGARANSI 1 TAHUN (belum include biaya pasang),
P18,CCTV EZVIZ OUTDOOR H9C 3MP,999000,CCTV EZVIZ,img\produk\H9C 3MP.jfif,kamera cctv outdoor BERGARANSI 1 TAHUN (belum include biaya pasang),
P19,CCTV EZVIZ OUTDOOR H9C 5MP,1239000,CCTV EZVIZ,img\produk\H9C 3MP.jfif,kamera cctv outdoor BERGARANSI 1 TAHUN (belum include biaya pasang),
P20,SSD VGEN SATA PLATINUM 128GB ,608000,SSD VGEN PLATINUM,img\\produk\sata-3-platinum-128gb-rev-1.png,,
P21,SSD VGEN SATA PLATINUM 256GB,1190000,SSD VGEN PLATINUM,img\\produk\sata-3-platinum-256gb-rev-1.png,,
P22,SSD VGEN SATA PLATINUM 512GB,2218000,SSD VGEN PLATINUM,img\\produk\sata-3-platinum-512gb-rev-1.png,,
P23,SSD VGEN SATA PLATINUM 1TB,4424000,SSD VGEN PLATINUM,img\\produk\sata-3-platinum-1tb-rev-1.png,,
P24,SSD VGEN SATA PLATINUM 2TB,8030000,SSD VGEN PLATINUM,img\\produk\sata-3-platinum-2tb-rev-1.png,,
P25,SSD VGEN SATA PLATINUM 4TB,10322000,SSD VGEN PLATINUM,img\\produk\sata-3-platinum-front-rev-1.png,,
P26,SSD VGEN SATA RESCUE 128GB,428000,SSD VGEN RESCUE,img\\produk\sata-3-rescue-128gb-rev-1.png,,
P27,SSD VGEN SATA RESCUE 256GB,726000,SSD VGEN RESCUE,img\\produk\sata-3-rescue-256gb-rev-1.png,,
P28,SSD VGEN SATA RESCUE 512GB,1160000,SSD VGEN RESCUE,img\\produk\sata-3-rescue-512gb-rev-1.png,,
P29,SSD VGEN SATA RESCUE 1TB,2090000,SSD VGEN RESCUE,img\\produk\sata-3-rescue-1tb-rev-1.png,,
P30,SSD VGEN PORTABLE 128GB,748000,SSD VGEN PORTABLE,img\\produk\SSD PORTABLE 128GB.webp,,
P31,SSD VGEN PORTABLE 256GB,1288000,SSD VGEN PORTABLE,img\\produk\256GB.jfif,,
P32,SSD VGEN PORTABLE 512GB,2343000,SSD VGEN PORTABLE,img\\produk\PSSD-2.png,,
P33,SSD VGEN PORTABLE 1TB,4563000,SSD VGEN PORTABLE,img\\produk\1TB.jfif,,
P34,SSD VGEN PORTABLE 2TB,7588000,SSD VGEN PORTABLE,img\\produk\PSSD-6.png,,
P35,RAM PLATINUM DDR3 2GB 1333/1600,208000,RAM VGEN,img\\produk\DDR3-platinum-2gb-1600.png,,
P36,RAM PLATINUM DDR3 4GB 1333/1600,338000,RAM VGEN,img\\produk\DDR3-platinum-2gb-1600.png,,
P37,RAM PLATINUM DDR3 8GB 1333/1600,478000,RAM VGEN,img\\produk\DDR3-platinum-2gb-1600.png,,
P38,RAM PLATINUM DDR4 4GB 2133/2400/2666,686000,RAM VGEN,img\\produk\DDR4-platinum-4gb-2666 pc4-21300.png,,
P39,RAM PLATINUM DDR4 8GB 2133/2400/2666,1425000,RAM VGEN,img\\produk\DDR4-platinum-4gb-2666 pc4-21300.png,,
P40,RAM PLATINUM DDR4 16GB 2133/2400/2666,3066000,RAM VGEN,img\\produk\DDR4-platinum-4gb-2666 pc4-21300.png,,
P41,RAM PLATINUM DDR4 4GB 3200,606000,RAM VGEN,img\\produk\DDR4-platinum-8GB-3200 pc25600.png,,
P42,RAM PLATINUM DDR4 8GB 3200,1280000,RAM VGEN,img\\produk\DDR4-platinum-8GB-3200 pc25600.png,,
P43,RAM PLATINUM DDR4 16GB 3200,2760000,RAM VGEN,img\\produk\DDR4-platinum-8GB-3200 pc25600.png,,
P44,RAM PLATINUM DDR4 32GB 3200,5180000,RAM VGEN,img\\produk\DDR4-platinum-8GB-3200 pc25600.png,,
P45,RAM PLATINUM DDR5 8GB 4800,2460000,RAM VGEN,img\\produk\DDR5-platinum-8GB-4800mhz pc38400.png,,
P46,RAM PLATINUM DDR5 16GB 4800,4460000,RAM VGEN,img\\produk\DDR5-platinum-8GB-4800mhz pc38400.png,,
P47,RAM PLATINUM DDR5 32GB 4800,9296000,RAM VGEN,img\\produk\DDR5-platinum-8GB-4800mhz pc38400.png,,
P48,RAM PLATINUM DDR5 8GB 5600,2759000,RAM VGEN,img\\produk\DDR5-platinum-8GB-5600mhz pc-44800.png,,
P49,RAM PLATINUM DDR5 16GB 5600,4679000,RAM VGEN,img\\produk\DDR5-platinum-8GB-5600mhz pc-44800.png,,
P50,RAM PLATINUM DDR5 32GB 5600,9296000,RAM VGEN,img\\produk\DDR5-platinum-8GB-5600mhz pc-44800.png,,
P51,FD VGEN ASTRO 8GB,86000,FLASHDISK VGEN,img\\produk\ASTRO 8GB.jfif,,
P52,FD VGEN ASTRO 16GB,96000,FLASHDISK VGEN,img\\produk\ASTRO 16GB.jfif,,
P53,FD VGEN ASTRO 32GB,106000,FLASHDISK VGEN,img\\produk\astro-32gb-1.png,,
P54,FD VGEN ASTRO 64GB,128000,FLASHDISK VGEN,img\\produk\astro-64gb-1.png,,
P55,FD VGEN ASTRO 128GB,186000,FLASHDISK VGEN,img\\produk\astro-128gb-1.png,,
P56,FD VGEN ATOM 8GB,86000,FLASHDISK VGEN,img\\produk\atom-8gb-1.png,,
P57,FD VGEN ATOM 16GB,96000,FLASHDISK VGEN,img\\produk\atom-16gb-2.png,,
P58,FD VGEN ATOM 32GB,106000,FLASHDISK VGEN,img\\produk\atom-32gb-1.png,,
P59,FD VGEN ATOM 64GB,128000,FLASHDISK VGEN,img\\produk\atom-64gb-1.png,,
P60,FD VGEN ATOM 128GB,186000,FLASHDISK VGEN,img\\produk\ATOM 128GB.jfif,,
P61,FD VGEN OTG TYPE C 16GB,146000,FLASHDISK VGEN,img\\produk\otg-03-16gb-1.png,,
P62,FD VGEN OTG TYPE C 32GB,166000,FLASHDISK VGEN,img\\produk\otg-03-32gb-1.png,,
P63,FD VGEN OTG TYPE C 64GB,196000,FLASHDISK VGEN,img\\produk\otg-03-64gb-1.png,,
P64,FD VGEN OTG TYPE C 128GB,266000,FLASHDISK VGEN,img\\produk\otg-03-128gb-1.png,,
P65,FD VGEN OTG TYPE C 256GB,416000,FLASHDISK VGEN,img\\produk\otg-03-256gb-1.png,,
P66,MEMORY CARD CCTV HIVIEW 64GB,138000,MEMORY SD CCTV,img\produk\HIVIEW MEMORY CARD.png,,
P67,MEMORY CARD CCTV HIVIEW 128GB,225000,MEMORY SD CCTV,img\produk\HIVIEW MEMORY CARD.png,,
P68,MEMORY CARD CCTV LUXEN 64GB,158000,MEMORY SD CCTV,img\produk\LUXEN MEMORY CARD.jfif,,
P69,MEMORY CARD CCTV LUXEN 128GB,285000,MEMORY SD CCTV,img\produk\LUXEN MEMORY CARD.jfif,,
P70,MEMORY CARD CCTV EZVIZ 64GB,399000,MEMORY SD CCTV,img\produk\MEMORY EZVIZ.png,,
P71,MEMORY CARD CCTV EZVIZ 128GB,599000,MEMORY SD CCTV,img\produk\MEMORY EZVIZ.png,,
P72,BRACKET CCTV EZVIZ,125000,BRACKET CCTV EZVIZ,img\produk\BRACKET CCTV EZVIZ.jfif,,
P73,ACER ASPIRE LITE AL14-32P-C8PX DDR5 SILVER,5399000,LAPTOP ACER,img\produk\AL14-32P-C8PX DDR5 SILVER.jpg,CPU: CELERON N150; RAM : 8GB; SSD: 256GB; OS: W11+OHS+M365B; DISPLAY: 14 INCI  WUXGA,
P74,ACER ASPIRE LITE AL14-32P-C6CC DDR5 BLUE,5499000,LAPTOP ACER,img\produk\AL14-32P-C6CC DDR5 BLUE.png,CPU: CELERON N150; RAM: 8GB; SSD: 256GB; OS: W11+OHS+M365B; DISPLAY: 14 INCI WUXGA,
P75,ACER ASPIRE LITE AL14-37P-C9CP DDR4 SILVER,5499000,LAPTOP ACER,img\produk\AL14-37P-C9CP DDR4 SILVER BLUE PINK.png,CPU: CELERON N150; RAM: 8GB; SSD: 256GB; OS: W11+OHS+M365B; DISPLAY: 14 INCI WUXGA,
P76,ACER ASPIRE LITE AL14-37P-C3B7 DDR4 BLUE,5499000,LAPTOP ACER,img\produk\AL14-37P-C9CP DDR4 SILVER BLUE PINK.png,CPU: CELERON N150; RAM: 8GB; SSD: 256GB; OS: W11+OHS+M365B; DISPLAY: 14 WUXGA,
P77,ACER ASPIRE LITE  AL14-37P-C39A DDR4 NUDE PINK,5499000,LAPTOP ACER,img\produk\AL14-37P-C9CP DDR4 SILVER BLUE PINK.png,CPU: CELERON N150; RAM: 8GB; SSD: 256GB; OS: W11+OHS+M365B; DISPLAY: 14 WUXGA,
P78,ACER ASPIRE AL14-32P-C9VS DDR5 SILVER,5899000,LAPTOP ACER,img\produk\AL14-32P-C9VS DDR5 SILVER BLUE.png,CPU: CELERON N150; RAM: 8GB; SSD: 512GB; OS: W11+OHS + OFFICE 365 1 THN; DISPLAY: 14 INCI WUXGA,
P79,ACER ASPIRE AL14-32P-C1ES DDR5 BLUE,5899000,LAPTOP ACER,img\produk\AL14-32P-C9VS DDR5 SILVER BLUE.png,CPU: CELERON N150; RAM: 8GB; SSD: 512GB; OS: W11+OHS + OFFICE 365 1 THN; DISPLAY: 14 INCI WUXGA,
P80,ACER ASPIRE AL14-35-C1UK DDR4 BLUE,5899000,LAPTOP ACER,img\produk\AL14-35-C1UK DDR4 BLUE.webp,CPU: CELERON N150; RAM: 8GB; SSD: 512GB; OS: W11+OHS + OFFICE 365 1 THN; DISPLAY: 14 INCI WUXGA,
P81,ACER ASPIRE LITE 14 AL14-32P-37SA DDR5 SILVER,6499000,LAPTOP ACER,img\produk\AL14-32P-C8PX DDR5 SILVER.jpg,CPU: COREI3 N355; RAM: 8GB; SSD: 256GB; OS: W11+OHS; DISPLAY: 14 INCI WUXGA IPS,
P82,ACER ASPIRE LITE 15 AL14-37P-38NN DDR4 BLUE,6499000,LAPTOP ACER,img\produk\AL14-37P-C9CP DDR4 SILVER BLUE PINK.png,CPU: COREI3 N355; RAM: 8GB; SSD: 256GB; OS: W11+OHS; DISPLAY: 14 INCI WUXGA IPS,
P83,ACER ASPIRE LITE 16 AL14-37P-3511 DDR4 NUDE PINK,6499000,LAPTOP ACER,img\produk\AL14-37P-C9CP DDR4 SILVER BLUE PINK.png,CPU: COREI3 N355; RAM: 8GB; SSD: 256GB; OS: W11+OHS; DISPLAY: 14 INCI WUXGA IPS,
P84,ACER ASPIRE AL14-32P-38RE DDR5 SILVER,6999000,LAPTOP ACER,img\produk\AL14-32P-C8PX DDR5 SILVER.jpg,CPU: CORE I3 N355; RAM: 8GB; SSD: 512GB; OS: W11+OHS; DISPLAY: 14 INCI WUXGA IPS,
P85,ACER ASPIRE  AL14-32P-37CE DDR5 BLUE,6999000,LAPTOP ACER,img\produk\AL14-37P-C9CP DDR4 SILVER BLUE PINK.png,CPU: CORE I3 N355; RAM: 8GB; SSD: 512GB; OS: W11+OHS; DISPLAY: 14 INCI WUXGA IPS,
P86,ACER ASPIRE AL14-37P-32RZ DDR4 SILVER,6999000,LAPTOP ACER,img\produk\AL14-37P-C9CP DDR4 SILVER BLUE PINK.png,CPU: CORE I3 N355; RAM: 8GB; SSD: 512GB; OS: W11+OHS; DISPLAY: 14 INCI WUXGA IPS,
P87,ACER ASPIRE AL14-37P-36AW DDR4 PINK,6999000,LAPTOP ACER,img\produk\AL14-37P-C9CP DDR4 SILVER BLUE PINK.png,CPU: CORE I3 N355; RAM: 8GB; SSD: 512GB; OS: W11+OHS; DISPLAY: 14 INCI WUXGA IPS,
P88,ASUS E210KA-HD4411M PEACOCK BLUE,4299000,LAPTOP ASUS,img\produk\E210KA-HD4411M PEACOCK BLUE.webp,CPU: CELERON N4500; RAM: 8GB; SSD: 128GB; OS: WIN11+OHS + OFFICE 365 1 TAHUN; DISPLAY: 11.6 INCI HD,
P89,ASUS E210KA-HD4413M STAR BLACK,4299000,LAPTOP ASUS,img\produk\E210KA-HD4413M STAR BLACK.png,CPU: CELERON N4500; RAM: 8GB; SSD: 128GB; OS: WIN11+OHS + OFFICE 365 1 TAHUN; DISPLAY: 11.6 INCI HD,
P90,ASUS E410KA-FHD4821M BLACK,4999000,LAPTOP ASUS,img\produk\E410KA-FHD4821M BLACK SILVER BLUE PINK.png,CPU: CELERON N4500; RAM: 8GB; SSD: 256GB; OS: WIN11+OHS + OFFICE 365 1 TAHUN; DISPLAY: 14 INCI FHD ,
P91,ASUS E410KA-FHD4822M ROSE PINK,4999000,LAPTOP ASUS,img\produk\E410KA-FHD4821M BLACK SILVER BLUE PINK.png,CPU: CELERON N4500; RAM: 8GB; SSD: 256GB; OS: WIN11+OHS + OFFICE 365 1 TAHUN; DISPLAY: 14 INCI FHD ,
P92,ASUS E410KA-FHD4823M PEACOCK BLUE,4999000,LAPTOP ASUS,img\produk\E410KA-FHD4821M BLACK SILVER BLUE PINK.png,CPU: CELERON N4500; RAM: 8GB; SSD: 256GB; OS: WIN11+OHS + OFFICE 365 1 TAHUN; DISPLAY: 14 INCI FHD ,
P93,ASUS E410KA-FHD4824M DREAMY WHITE ,4999000,LAPTOP ASUS,img\produk\E410KA-FHD4821M BLACK SILVER BLUE PINK.png,CPU: CELERON N4500; RAM: 8GB; SSD: 256GB; OS: WIN11+OHS + OFFICE 365 1 TAHUN; DISPLAY: 14 INCI FHD ,
P94,ASUS VIVOBOOK GO 14 E410KA-FHD4851M STAR BLACK,5399000,LAPTOP ASUS,img\produk\ASUS VIVOBOOK GO 14  E410KA-FHD4851M STAR BLACK BLUE  PNIK.png,CPU: CELERON N4500; RAM: 8GB; SSD: 512GB; OS: W11+OHS+M365  BACKLIT KEYBOARD; DISPLAY: 14 INCIFHD ,
P95,ASUS VIVOBOOK GO 14 E410KA-FHD4852M ROSE PINK,5399000,LAPTOP ASUS,img\produk\ASUS VIVOBOOK GO 14  E410KA-FHD4851M STAR BLACK BLUE  PNIK.png,CPU: CELERON N4500; RAM: 8GB; SSD: 512GB; OS: W11+OHS+M365  BACKLIT KEYBOARD; DISPLAY: 14 INCIFHD ,
P96,ASUS VIVOBOOK GO 14 E410KA-FHD4853M PEACOCK BLUE,5399000,LAPTOP ASUS,img\produk\ASUS VIVOBOOK GO 14  E410KA-FHD4851M STAR BLACK BLUE  PNIK.png,CPU: CELERON N4500; RAM: 8GB; SSD: 512GB; OS: W11+OHS+M365  BACKLIT KEYBOARD; DISPLAY: 14 INCIFHD ,
P97,ASUS A1404VA-VIPS3821M QUIET BLUE,6999000,LAPTOP ASUS,img\produk\A1404VA-VIPS3821M QUIET 3 WARNA.png,CPU: CORE I3-1315U; RAM: 8GB; SSD: 256GB; OS: WIN 11+ OHS + M365; DISPLAY: 14 INCI FHD ,
P98,ASUS A1404VA-VIPS3822M TERRA COTA,6999000,LAPTOP ASUS,img\produk\A1404VA-VIPS3821M QUIET 3 WARNA.png,CPU: CORE I3-1315U; RAM: 8GB; SSD: 256GB; OS: WIN 11+ OHS + M365; DISPLAY: 14 INCI FHD ,
P99,ASUS A1404VA-VIPS3823M TRANSPARANT SILVER,6999000,LAPTOP ASUS,img\produk\A1404VA-VIPS3821M QUIET 3 WARNA.png,CPU: CORE I3-1315U; RAM: 8GB; SSD: 256GB; OS: WIN 11+ OHS + M365; DISPLAY: 14 INCI FHD ,
P100,ASUS A1404VA-VIPS3851M QUIET BLUE,7199000,LAPTOP ASUS,img\produk\A1404VA-VIPS3821M QUIET 3 WARNA.png,CPU: CORE I3-1315U; RAM: 8GB; SSD: 512GB; OS: W11+OHS+M365; DISPLAY: 14 INCI,
P101,ASUS A1404VA-VIPS3852M TERRACOTTA,7199000,LAPTOP ASUS,img\produk\A1404VA-VIPS3821M QUIET 3 WARNA.png,CPU: CORE I3-1315U; RAM: 8GB; SSD: 512GB; OS: W11+OHS+M365; DISPLAY: 14 INCI,
P102,ASUS A1404VA-VIPS3853M TRANSPARANT SILVER,7199000,LAPTOP ASUS,img\produk\A1404VA-VIPS3821M QUIET 3 WARNA.png,CPU: CORE I3-1315U; RAM: 8GB; SSD: 512GB; OS: W11+OHS+M365; DISPLAY: 14 INCI,
P103,ASUS A1404VAP-VIPS5851M QUIET BLUE,9599000,LAPTOP ASUS,img\produk\A1404VA-VIPS3821M QUIET 3 WARNA.png,CPU: CORE 5-120U; RAM: 8GB; SSD: 512GB; OS: WIN11+ OHS + M365; DISPLAY: 14 INCI FHD IPS ,
P104,ASUS A1404VAP-VIPS5852M TERRA COTTA,9599000,LAPTOP ASUS,img\produk\A1404VA-VIPS3821M QUIET 3 WARNA.png,CPU: CORE 5-120U; RAM: 8GB; SSD: 512GB; OS: WIN11+ OHS + M365; DISPLAY: 14 INCI FHD IPS ,
P105,ASUS A1404VAP-VIPS5853M COOL SILVER,9599000,LAPTOP ASUS,img\produk\A1404VA-VIPS3821M QUIET 3 WARNA.png,CPU: CORE 5-120U; RAM: 8GB; SSD: 512GB; OS: WIN11+ OHS + M365; DISPLAY: 14 INCI FHD IPS ,
P106,ASUS A1404VAP-VIPS5151M QUIET BLUE,10399000,LAPTOP ASUS,img\produk\A1404VA-VIPS3821M QUIET 3 WARNA.png,CPU: Core 5 120U; RAM: 8GB+8GB; SSD: 512GB; OS: OPI 2024 + FREE M365  Win 11; DISPLAY: 14 INCI VIPS+FHD;  NOTE: Upgradable,
P107,ASUS A1404VAP-VIPS5152M TERRA COTTA,10399000,LAPTOP ASUS,img\produk\A1404VA-VIPS3821M QUIET 3 WARNA.png,CPU: Core 5 120U; RAM: 8GB+8GB; SSD: 512GB; OS: OPI 2024 + FREE M365  Win 11; DISPLAY: 14 INCI VIPS+FHD; NOTE:  Upgradable,
P108,ASUS A1404VAP-VIPS5153M COOL SILVER,10399000,LAPTOP ASUS,img\produk\A1404VA-VIPS3821M QUIET 3 WARNA.png,CPU: Core 5 120U; RAM: 8GB+8GB; SSD: 512GB; OS: OPI 2024 + FREE M365  Win 11; DISPLAY: 14 INCI VIPS+FHD; NOTE: Upgradable,
P109,ASUS S3407VA-VIPS5111M MATTE GRAY,11599000,LAPTOP ASUS,img\produk\S3407VA-VIPS5111M MATTE GRAY.png,CPU: CORE 5 210H; RAM: 16GB; SSD: 1TB; OS: W11+OHS + M365; DISPLAY:  14 INCI,
P110,ASUS S3407VA-VIPS5112M COOL SILVER,11599000,LAPTOP ASUS,img\produk\S3407VA-VIPS5112M COOL SILVER.webp,CPU: CORE 5 210H; RAM: 16GB; SSD: 1TB; OS: W11+OHS + M365; DISPLAY:  14 INCI,
P111,ASUS A1404VA-VIPS7153M SILVER,11699000,LAPTOP ASUS,img\produk\A1404VA-VIPS7153M SILVER.png,CPU: CORE I7-1355U; RAM: 16GB; SSD: 512GB; OS: W11+OHS  + OFFICE 365 1 TAHUN; DISPLAY: 14 INCI FHD IPS,
P112,ASUS A1404VAP-VIPS7111M QUIET BLUE,13299000,LAPTOP ASUS,img\produk\A1404VAP-VIPS7111M QUIET BLUE 3WARNA.png,CPU: CORE 7-150U; RAM: 16GB; SSD: 1TB; OS: W11+OHS+M365; DISPLAY: 14 INCI,
P113,ASUS A1404VAP-VIPS7112M TERRA COTTA,13299000,LAPTOP ASUS,img\produk\A1404VAP-VIPS7111M QUIET BLUE 3WARNA.png,CPU: CORE 7-150U; RAM: 16GB; SSD: 1TB; OS: W11+OHS+M365; DISPLAY: 14 INCI,
P114,ASUS A1404VAP-VIPS7113M COOL SILVER,13299000,LAPTOP ASUS,img\produk\A1404VAP-VIPS7111M QUIET BLUE 3WARNA.png,CPU: CORE 7-150U; RAM: 16GB; SSD: 1TB; OS: W11+OHS+M365; DISPLAY: 14 INCI,
P115,ASUS S3407CA-VIPS7111M GREY,14499000,LAPTOP ASUS,img\produk\S3407CA-VIPS7111M GREY SILVER.png,CPU: ULTRA 7 255H; RAM: 16GB; SSD: 1TB; OS: WIN 11 + OHM + M365; DISPLAY: 14 INCI IPS WUXGA  ,
P116,ASUS S3407CA-VIPS7112M COOL SILVER,14499000,LAPTOP ASUS,img\produk\S3407CA-VIPS7111M GREY SILVER.png,CPU: ULTRA 7 255H; RAM: 16GB; SSD: 1TB; OS: WIN 11 + OHM + M365; DISPLAY: 14 INCI IPS WUXGA  ,
P117,ASUS ASUS PRO 15 N6506CU-OLEDS9211M GREY,26699000,LAPTOP ASUS,img\produk\ASUS PRO 15 N6506CU-OLEDS9211M GREY.jpg,"CPU: ULTRA 9-285H; RAM: 24GB; SSD: 1TB; GRAPHIC: RTX4050 6GB; OS: W11+OHS; DISPLAY: 15.6"" 3K 120Hz OLED SCREEN",
P118,ASUS QUALCOMM VIVOBOOK A1407QA-VIPS151M QUIET BLUE,9899000,LAPTOP ASUS,img\produk\QUALCOMM VIVOBOOK A1407QA-VIPS151M QUIET BLUE.png,CPU: Snapdragon X126100; RAM: 16GB; SSD: 512GB; OS: WIN11 OHM+M365; DISPLAY: 14 INCI WUXGA IPS ,
P119,ASUS QUALCOMM VIVOBOOK A1407QA-VIPS152M PLATINUM GOLD,9899000,LAPTOP ASUS,img\produk\QUALCOMM VIVOBOOK A1407QA-VIPS151M QUIET BLUE.png,CPU: Snapdragon X126100; RAM: 16GB; SSD: 512GB; OS: WIN11 OHM+M365; DISPLAY: 14 INCI WUXGA IPS ,
P120,ASUS QUALCOMM VIVOBOOK A1407QA-VIPS153M COOL SILVER,9899000,LAPTOP ASUS,img\produk\QUALCOMM VIVOBOOK A1407QA-VIPS151M QUIET BLUE.png,CPU: Snapdragon X126100; RAM: 16GB; SSD: 512GB; OS: WIN11 OHM+M365; DISPLAY: 14 INCI WUXGA IPS ,
P121,ASUS S3407QA-IPSP151M MATTE GREY,9999000,LAPTOP ASUS,img\produk\S3407QA-IPSP151M MATTE GREY.jpg,CPU: Snapdragon X126100; RAM: 16GB; SSD: 512GB; OS: WIN11 OHM+M365 DISPLAY: 14 INCI WUXGA IPS 2.5K ,
P122,ASUS S3407QA-IPSP152M COOL SILVER,9999000,LAPTOP ASUS,img\produk\S3407QA-IPSP151M MATTE GREY.jpg,CPU: Snapdragon X126100; RAM: 16GB; SSD: 512GB; OS: WIN11 OHM+M365 DISPLAY: 14 INCI WUXGA IPS 2.5K ,
P123,ASUS E1404FA-FHD3821M BLACK,6150000,LAPTOP ASUS,img\produk\E1404FA-FHD3821M BLACK.png,CPU: RYZEN 3-7320U; RAM: 8GB; SSD: 256GB; OS: W11+OHS  BACKLIT KEYBOARD; DISPLAY: FHD  14 INCI,
P124,ASUS E1404FA-FHD3822M GREEN GREY,6150000,LAPTOP ASUS,img\produk\E1404FA-FHD3821M BLACK.png,CPU: RYZEN 3-7320U; RAM: 8GB; SSD: 256GB; OS: W11+OHS  BACKLIT KEYBOARD; DISPLAY: FHD  14 INCI,
P125,ASUS E1404FA-FHD3823M SILVER,6150000,LAPTOP ASUS,img\produk\E1404FA-FHD3821M BLACK.png,CPU: RYZEN 3-7320U; RAM: 8GB; SSD: 256GB; OS: W11+OHS  BACKLIT KEYBOARD; DISPLAY: FHD  14 INCI,
P126,ASUS E1404FA-FHD3851M MIXED BLACK,6299000,LAPTOP ASUS,img\produk\E1404FA-FHD3821M BLACK.png,CPU: RYZEN 3-7320U; RAM: 8GB; SSD: 512GB; OS: W11+OHS  BACKLIT KEYBOARD; DISPLAY:  FHD  14 INCI,
P127,ASUS E1404FA-FHD3852M GREEN GREY,6299000,LAPTOP ASUS,img\produk\E1404FA-FHD3821M BLACK.png,CPU: RYZEN 3-7320U; RAM: 8GB; SSD: 512GB; OS: W11+OHS  BACKLIT KEYBOARD; DISPLAY:  FHD  14 INCI,
P128,ASUS E1404FA-FHD3853M COOL SILVER,6299000,LAPTOP ASUS,img\produk\E1404FA-FHD3821M BLACK.png,CPU: RYZEN 3-7320U; RAM: 8GB; SSD: 512GB; OS: W11+OHS  BACKLIT KEYBOARD; DISPLAY:  FHD  14 INCI,
P129,ASUS E1504FA-VIPS3151M MIXED BLACK,8299000,LAPTOP ASUS,img\produk\E1404FA-FHD3821M BLACK.png,"CPU: RYZEN 3-7320U; RAM: 16GB; SSD: 512GB; OS: W11+OHS+365; DISPLAY: 15.6"" ; NOTE: NON UPGRADE",
P130,ASUS E1504FA-VIPS3152M GREEN GREY,8299000,LAPTOP ASUS,img\produk\E1404FA-FHD3821M BLACK.png,"CPU: RYZEN 3-7320U; RAM: 16GB; SSD: 512GB; OS: W11+OHS+365; DISPLAY: 15.6"" ; NOTE: NON UPGRADE",
P131,ASUS E1504FA-VIPS3153M COOL SILVER,8299000,LAPTOP ASUS,img\produk\E1404FA-FHD3821M BLACK.png,"CPU: RYZEN 3-7320U; RAM: 16GB; SSD: 512GB; OS: W11+OHS+365; DISPLAY: 15.6"" ; NOTE: NON UPGRADE",
P132,ASUS Vivobook Go 14 E1404FA-VIPS5851M MIXED BLACK,8199000,LAPTOP ASUS,img\produk\E1404FA-FHD3821M BLACK.png,CPU: RYZEN 5-7520U; RAM: 8GB; SSD: 512GB; OS: WIN 11+ OHS + incl Microsoft 365; DISPLAY: 14 INCI FHD IPS,
P133,ASUS Vivobook Go 14 E1404FA-VIPS5852M GREEN GREY,8199000,LAPTOP ASUS,img\produk\E1404FA-FHD3821M BLACK.png,CPU: RYZEN 5-7520U; RAM: 8GB; SSD: 512GB; OS: WIN 11+ OHS + incl Microsoft 365; DISPLAY: 14 INCI FHD IPS,
P134,ASUS Vivobook Go 14 E1404FA-VIPS5853M COOL SILVER,8199000,LAPTOP ASUS,img\produk\E1404FA-FHD3821M BLACK.png,CPU: RYZEN 5-7520U; RAM: 8GB; SSD: 512GB; OS: WIN 11+ OHS + incl Microsoft 365; DISPLAY: 14 INCI FHD IPS,
P135,ASUS VIVOBOOK GO 14 E1404FA-VIPS5151M MIXED BLACK,8899000,LAPTOP ASUS,img\produk\E1404FA-FHD3821M BLACK.png,CPU: RYZEN 5-7520U; RAM: 16GB; SSD: 512GB; OS: W11+OHS + OFFICE 365 1 TAHUN; DISPLAY:  14 INCI FHD IPS ,
P136,ASUS VIVOBOOK GO 14 E1404FA-VIPS5152M GREEN GREY,8899000,LAPTOP ASUS,img\produk\E1404FA-FHD3821M BLACK.png,CPU: RYZEN 5-7520U; RAM: 16GB; SSD: 512GB; OS: W11+OHS + OFFICE 365 1 TAHUN; DISPLAY:  14 INCI FHD IPS ,
P137,ASUS VIVOBOOK GO 14 E1404FA-VIPS5153M COOL SILVER,8899000,LAPTOP ASUS,img\produk\E1404FA-FHD3821M BLACK.png,CPU: RYZEN 5-7520U; RAM: 16GB; SSD: 512GB; OS: W11+OHS + OFFICE 365 1 TAHUN; DISPLAY:  14 INCI FHD IPS ,
P138,ASUS E1504FA-VIPS5151M MIXED BLACK,8999000,LAPTOP ASUS,img\produk\E1504FA-VIPS5151M MIXED BLACK 3 WARNA.png,"CPU: RYZEN 5 7520U;  RAM: 16GB; SSD: 512GB; OS: W11+OHS + M365; DISPLAY: 15.6"" VIPS",
P139,ASUS E1504FA-VIPS5152M GREEN GREY,8999000,LAPTOP ASUS,img\produk\E1504FA-VIPS5151M MIXED BLACK 3 WARNA.png,"CPU: RYZEN 5 7520U;  RAM: 16GB; SSD: 512GB; OS: W11+OHS + M365; DISPLAY: 15.6"" VIPS",
P140,ASUS E1504FA-VIPS5153M COOL SILVER,8999000,LAPTOP ASUS,img\produk\E1504FA-VIPS5151M MIXED BLACK 3 WARNA.png,"CPU: RYZEN 5 7520U;  RAM: 16GB; SSD: 512GB; OS: W11+OHS + M365; DISPLAY: 15.6"" VIPS",
P141,ASUS M1407KA-VIPS5151M QUIET BLUE,10599000,LAPTOP ASUS,img\produk\M1407KA-VIPS5151M QUIET BLUE.jpg,CPU: RYZEN AI 5-340; RAM: 16GB; SSD: 512GB; OS: WIN11 + OHM + M365 DISPLAY: 14 INCI WUXGA ,
P142,ASUS M1407KA-VIPS5152M PLATINUM GOLD,10599000,LAPTOP ASUS,img\produk\M1407KA-VIPS5151M PLATINUM GOLD.jpeg,CPU: RYZEN AI 5-340; RAM: 16GB; SSD: 512GB; OS: WIN11 + OHM + M365 DISPLAY: 14 INCI WUXGA ,
P143,ASUS M1407KA-VIPS5153M COOL SILVER,10599000,LAPTOP ASUS,img\produk\M1407KA-VIPS5151M QUIET SILVER.jpeg,CPU: RYZEN AI 5-340; RAM: 16GB; SSD: 512GB; OS: WIN11 + OHM + M365 DISPLAY: 14 INCI WUXGA ,
P144,ASUS M1405YA-VIPS7151M BLACK,10499000,LAPTOP ASUS,img\produk\M1405YA-VIPS7151M BLACK.jpg,CPU: RYZEN 7-7730U; RAM: 16GB; SSD: 512GB; OS: W11+ OHS + LED BACKLIT +  FINGERPRINT; DISPLAY: 14 INCI WUXGA VIPS,
P145,ASUS M1405YA-VIPS7152M COOL SILVER,10499000,LAPTOP ASUS,img\produk\M1405YA-VIPS7152M COOL SILVER.jpg,CPU: RYZEN 7-7730U; RAM: 16GB; SSD: 512GB; OS: W11+ OHS + LED BACKLIT +  FINGERPRINT; DISPLAY: 14 INCI WUXGA VIPS,
P146,ASUS VIVOBOOK S14 M3407HA-VIPS7111M MATTE GRAY,13099000,LAPTOP ASUS,img\produk\M3407HA-VIPS7111M MATTE GRAY.jpg,"CPU: RYZEN 7 260; RAM: 16GB; SSD: 1TB; OS: WIN 11OPI 2024 + FREE M365, DISPLAY: 14 INCI VIPS  2K ",
P147,ASUS VIVOBOOK S15 M3407HA-VIPS7112M COOL SILVER,13099000,LAPTOP ASUS,img\produk\M3407HA-VIPS7112M COOL SILVER.jpg,"CPU: RYZEN 7 260; RAM: 16GB; SSD: 1TB; OS: WIN 11OPI 2024 + FREE M365, DISPLAY: 14 INCI VIPS  2K ",
P148,ASUS M3407KA-OLED7111M MATTE GRAY,14999000,LAPTOP ASUS,img\produk\M3407HA-VIPS7111M MATTE GRAY.jpg,CPU: RYZEN 7 350; RAM: 16GB; SSD: 1TB; OS:  W11 + OHS; DISPLAY:  14 INCI,
P149,ASUS M3407KA-OLED7112M COOL SILVER,14999000,LAPTOP ASUS,img\produk\M3407HA-VIPS7112M COOL SILVER.jpg,CPU: RYZEN 7 350; RAM: 16GB; SSD: 1TB; OS:  W11 + OHS; DISPLAY:  14 INCI,
P150,ASUS EXPERTBOOK P1403CVA-S63850WS MISTY GREY,7199000,LAPTOP ASUS,img\produk\P1403CVA-S63850WS MISTY GREY.jpg,CPU: CORE I3-1315U; RAM: 8GB; SSD: 512GB; OS: WIN11 + OHS; DISPLAY: 14 INCI FHD VIPS,
P151,ASUS EXPERTBOOK P1403CVA-S65150WS MIST GREYV,10199000,LAPTOP ASUS,img\produk\P1403CVA-S63850WS MISTY GREY.jpg,CPU: CORE I5-13420H; RAM: 16GB; SSD: 512GB; OS: W11+OHS + FINGERPRINT; DISPLAY 14 INCI FHD,
P152,ASUS EXPERTBOOK P1403CVA-S67151WS  MISTY GREY ,12199000,LAPTOP ASUS,img\produk\P1403CVA-S63850WS MISTY GREY.jpg,CPU: CORE I7-13620H; RAM: DDR5 16GB; SSD: 512GB; OS: Win11 Home+OHS+M365; DISPLAY: 14 INCI VIPS  FHD,
P153,ASUS EXPERTBOOK P3405CVA-LY5150WS MISTY GREY,12199000,LAPTOP ASUS,img\produk\P1403CVA-S63850WS MISTY GREY.jpg,CPU: CORE I5-13420H; RAM: 16GB; SSDD: 512GB; OS: WIN11 + OHS; DISPLAY: 14 INCI FHD VIPS,
P154,ASUS EXPERTBOOK P3405CVA-LY7110WS MISTY GREY,14699000,LAPTOP ASUS,img\produk\P1403CVA-S63850WS MISTY GREY.jpg,CPU: CORE I7-13620H; RAM: 16GB; SSD: 1TB; OS: WIN 11+OSH; DISPLAY: 14 INCI,
P155,ASUS EXPERTBOOK PM1403CDA-S65150W GREY,8999000,LAPTOP ASUS,img\produk\P1403CVA-S63850WS MISTY GREY.jpg,CPU: RYZEN 5 7535HS; RAM: 16GB; SSD: 512GB; OS: W11+OHS+M365; DISPLAY: 14 INCI FHD IPS ( FREE MCAFEE 1THN ),
P156,ASUS EXPERTBOOK PM1403CDA - S67150WS GREY,10899000,LAPTOP ASUS,img\produk\P1403CVA-S63850WS MISTY GREY.jpg,CPU: RYZEN 7 7735HS; RAM: 16GB; SSD: 512GB; OS: W11+OHS+M365; DISPLAY: 14 INCI FHD VIPS ( FREE MCAFEE 1THN ),
P157,ASUS ZENBOOK ASUS ZENBOOK UM3406KA-OLED7151M JADE BLACK,16999000,LAPTOP ASUS,img\produk\ASUS ZENBOOK UM3406KA-OLED7151M JADE BLACK.png,CPU: RYZEN AI 7 350; RAM: 16GB; SSD: 512GB; OS: W11+OHS; DISPLAY: 14 INCI WUXGA,
P158,SUS ZENBOOK 14 UM3406KA-OLEDS7311M JADE BLACK,20699000,LAPTOP ASUS,img\produk\ASUS ZENBOOK UM3406KA-OLED7151M JADE BLACK.png,CPU: RYZEN AI 7 350; RAM: 32GB; SSD: 1TB; OS: W11+OHM + M365 + BAKCLIT KEYBOARD; DISPLAY: 14 INCI  3K OLED120HZ,
P159,ASUS ZENBOOK UX3405CA-OLEDS9311TM PONDER BLUE,22999000,LAPTOP ASUS,img\produk\UX3405CA-OLEDS9311TM PONDER BLUE.png,CPU: ULTRA 9 285H; RAM: 32GB; SSD: 1TB; OS: W11+OHS; DISPLAY: 14 INCI 3K TOUHSCREEN,
P160,ASUS ZENBOOK UX3405CA-OLEDS9312TM FOGGY SILVER,22999000,LAPTOP ASUS,img\produk\UX3405CA-OLEDS9312TM FOGGY SILVER.png,CPU: ULTRA 9 285H; RAM 32GB; SSD: 1TB; OS: W11+OHS; DISPLAY: 14 INCI 3K TOUHSCREEN,
P161,AXIOO HYPE 1 GREY,3499000,LAPTOP AXIOO,img\produk\AXIOO HYPE 1 GREY.png,CPU: CELERON N4020; RAM: 4GB; SSD: 128GB; OS: W11;  DISPLAY: HD 14 INCI; NOTE: TIDAK DAPAT TAS,3399000
P162,AXIOO HYPE 1 GREY,3799000,LAPTOP AXIOO,img\produk\AXIOO HYPE 1 GREY.png,CPU: CELERON N4020; RAM: 8GB; SSD: 128GB; OS: W11; DISPLAY: HD 14 INCI; NOTE: TIDAK DAPAT TAS,3699000
P163,AXIOO HYPE 3 G11 BLUE,5499000,LAPTOP AXIOO,img\produk\AXIOO HYPE 3 G11 BLUE.png,CPU: CORE I3-1125G4; RAM: 8GB; SSD: 256GB; OS: W11; DISPLAY: 14 INCI FHD,5399000
P164,AXIOO HYPE 3 G11 BLUE,5949000,LAPTOP AXIOO,img\produk\AXIOO HYPE 3 G11 BLUE.png,CPU: CORE I3-1125G4; RAM: 8GB; SSD: 512GB; OS: W11; DISPLAY: 14 INCI FHD,5849000
P165,AXIOO HYPE R3 OLED GREY,8599000,LAPTOP AXIOO,img\produk\AXIOO HYPE R5 OLED GREY.png,CPU: CORE I3-1215U; RAM: 24GB; SSD: 256GB; OS: W11; DISPLAY: 14 INCI FHD OLED,8500000
P166,AXIOO HYPE R5 OLED GREY,10699000,LAPTOP AXIOO,img\produk\AXIOO HYPE R5 OLED GREY.png,CPU: CORE I5-1235U; RAM: 24GB; SSD: 512GB; OS: W11; DISPLAY: 14 INCI FHD OLED,
P167,AXIOO HYPE 5 X3 GREY,5399000,LAPTOP AXIOO,img\produk\AXIOO HYPE 5 X3 GREY.png,CPU: RYZEN 5-3500; RAM: 8GB; SSD: 256GB; OS: W11; DISPLAY: 14 INCI,
P168,AXIOO HYPE 5 X3 BLUE (JKT48 LOLLIPOP EDITION),5399000,LAPTOP AXIOO,img\produk\AXIOO HYPE 5 X52 PINK BLUE JKT48 LOLLIPOP EDITION BLUE.png,CPU: RYZEN 5-3500; RAM: 8GB; SSD: 256GB; OS: W11; DISPLAY: 14 INCI,
P169,AXIOO HYPE 5 X3 PINK  (JKT48 LOLLIPOP EDITION),5399000,LAPTOP AXIOO,img\produk\AXIOO HYPE 5 X5-2 PINK JKT48 LOLLIPOP EDITION.png,CPU: RYZEN 5-3500; RAM: 8GB; SSD: 256GB; OS: W11; DISPLAY: 14 INCI,
P170,AXIOO HYPE 5 X5-2 BLUE JKT48 LOLLIPOP EDITION,6549000,LAPTOP AXIOO,img\produk\AXIOO HYPE 5 X52 PINK BLUE JKT48 LOLLIPOP EDITION BLUE.png,CPU: RYZEN 5-7430U; RAM: 8GB; SSD: 256GB; OS: W11; DISPLAY: 14 INCI FHD IPS,
P171,AXIOO HYPE 5 X5-2 PINK JKT48 LOLLIPOP EDITION,6549000,LAPTOP AXIOO,img\produk\AXIOO HYPE 5 X5-2 PINK JKT48 LOLLIPOP EDITION.png,CPU: RYZEN 5-7430U; RAM: 8GB; SSD: 256GB; OS: W11; DISPLAY: 14 INCI FHD IPS,
P172,AXIOO HYPE 5 X5-2 BLUE,6549000,LAPTOP AXIOO,img\produk\AXIOO HYPE 5 X5-2 BLUE.png,CPU: RYZEN 5-7430U; RAM: 8GB; SSD: 256GB; OS: W11; DISPLAY: 14 INCI FHD IPS,
P173,AXIOO HYPE 5 X5-2 GREY,7499000,LAPTOP AXIOO,img\produk\AXIOO HYPE 5 X5-2 BLUE.png,CPU: RYZEN 5-7430; RAM: 16GB; SSD: 256GB; OS: W11; DISPLAY: 14 INCI,
P174,AXIOO HYPE 7 X7-2 GREY,7449000,LAPTOP AXIOO,img\produk\AXIOO HYPE 7 X7-2 GREY.png,CPU: RYZEN 7-5825; RAM: 8GB; SSD: 512GB; OS: W11; DISPLAY: 14 INCI FHD IPS,7349000
P175,AXIOO HYPE 7 X8-2 GREY,10649000,LAPTOP AXIOO,img\produk\AXIOO HYPE 7 X8-2 GREY.png,CPU: RYZEN 7-7735HS; RAM: 16GB; SSD: 512GB; OS: WIN11; DISPLAY: 14 INCIFHD,
P176,AXIOO HYPE-R X8 OLED GREY,11499000,LAPTOP AXIOO,img\produk\AXIOO HYPE-R X8 OLED GREY.png,CPU: RYZEN 7-685; RAM: 16GB; SSD: 512GB; OS: W11; DISPLAY: 14.0 FHD IPS BLIT HDMI,
P177,AXIOO PONGO 725 V2 GREY,12499000,LAPTOP AXIOO,img\produk\AXIOO PONGO 725 V2 GREY.png,CPU: CORE I7-13620H; RAM: 16GB;  SSD: 512GB; GRAPHIC: RTX2050 4GB; OS: WIN11; DISPLAY: 15.6 INCI FHD 144Hz,
P178,AXIOO PONGO 735 GREY,14499000,LAPTOP AXIOO,img\produk\AXIOO PONGO 735 GREY.png,CPU: CORE I7-13620H; RAM: 16GB;  SSD: 512GB; GRAPHIC: RTX3050 6GB; OS: W11; DISPLAY:  15.6' INCI FHD 144Hz IPS ,
P179,LENOVO SLIM 3 14IRU8 82X6005LID ABBYS BLUE,6499000,LAPTOP LENOVO,img\produk\LENOVO SLIM 3 14IRU8.png,CPU: COREI3-1315U; RAM: 8GB; SSD: 256GB; OS: WIN11; DISPLAY: 14 INCI,
P180,LENOVO SLIM 3 14IRU8 82X6005NID GREY,6499000,LAPTOP LENOVO,img\produk\LENOVO SLIM 3 14IRU8.png,CPU: COREI3-1315U; RAM: 8GB; SSD: 256GB; OS: WIN11; DISPLAY: 14 INCI,
P181,LENOVO SLIM 3 14IRU8 82X6006EID ABBYS BLUE,6899000,LAPTOP LENOVO,img\produk\LENOVO SLIM 3 14IRU8.png,CPU: CORE I3-1315U; RAM: 8GB; SSD: 512GB; OS: W11+0HS; DISPLAY: 14 INCI,
P182,LENOVO SLIM 3 14IRU8 82X6006FID ARTIC GREY,6899000,LAPTOP LENOVO,img\produk\LENOVO SLIM 3 14IRU8.png,CPU: CORE I3-1315U; RAM: 8GB; SSD: 512GB; OS: W11+0HS; DISPLAY: 14 INCI,
P183,LENOVO SLIM 3 14IRU8 82X6005PID  ARTIC GREY,6899000,LAPTOP LENOVO,img\produk\LENOVO SLIM 3 14IRU8.png,CPU: CORE I3-1315U; RAM: 8GB; SSD: 512GB; OS: W11+0HS; DISPLAY: 14 INCI,
P184,LENOVO SLIM 3 14IRU8 82X6005MID ABBYS BLUE,6899000,LAPTOP LENOVO,img\produk\LENOVO SLIM 3 14IRU8.png,CPU: CORE I3-1315U; RAM: 8GB; SSD: 512GB; OS: W11+0HS; DISPLAY: 14 INCI,
P185,LENOVO IDEAPAD SLIM 3 14IRH10 8EK0007DID BLUE,8849000,LAPTOP LENOVO,img\produk\LENOVO IDEAPAD SLIM 3 14IRH10 8EK0007DID BLUE.png,CPU: CORE I5-13420H; RAM: 8GB; SSD: 512GB; OS: W11+OHS+M365 + BACKLIT; DISPLAY: 14 INCI WUXGA; NOTE:  UPGRADABLE,
P186,LENOVO IDEAPAD SLIM 3 14IRH10 83K0007EID GREY,8849000,LAPTOP LENOVO,img\produk\LENOVO IDEAPAD SLIM 3 14IRH10 8EK0007DID BLUEQQ.png,CPU: CORE I5-13420H; RAM: 8GB; SSD: 512GB; OS: W11+OHS+M365 + BACKLIT; DISPLAY: 14 INCI WUXGA; NOTE: UPGRADABLE,
P187,LENOVO SLIM 3 14IRH10 83K000BWID LUNA GREY,9299000,LAPTOP LENOVO,img\produk\LENOVO SLIM 3 14IRH10 83K000BWID LUNA GREY.png,CPU: CORE I5-13420H; RAM: 8GB; SSD: 512GB; OS: W11+OHS+M365 + BACKLIT; DISPLAY: 14 INCI WUXGA; NOTE: UPGRADABLE,
P188,LENOVO SLIM 3 14IRH10 83K000BYID COSMIC BLUE,9299000,LAPTOP LENOVO,img\produk\LENOVO SLIM 3 14IRH10 83K000BWID LUNA GREY.png,CPU: CORE I5-13420H; RAM: 8GB; SSD: 512GB; OS: W11+OHS+M365 + BACKLIT; DISPLAY: 14 INCI WUXGA; NOTE: UPGRADABLE,
P189,LENOVO SLIM 3 14IRH10 83K000BXID COSMIC BLUE,11699000,LAPTOP LENOVO,img\produk\LENOVO SLIM 3 14IRH10 83K000BWID LUNA GREY.png,CPU: CORE I7 13620H;  RAM: 16GB; SSD: 512GB; OS: W11+OHS+M365M; DISPLAY: 14 INCI WUXGA,
P190,LENOVO SLIM 3 14IRH10 83K000C0ID LUNA GREY,11699000,LAPTOP LENOVO,img\produk\LENOVO SLIM 3 14IRH10 83K000BWID LUNA GREY.png,CPU: CORE I7 13620H;  RAM: 16GB; SSD: 512GB; OS: W11+OHS+M365M; DISPLAY: 14 INCI WUXGA,
P191,LENOVO SLIM 3 14AMN8 82XN009WID ARTIC GREY,6999000,LAPTOP LENOVO,img\produk\LENOVO SLIM 3 14AMN8 82XN009WID ARTIC GREY.avif,CPU: RYZEN 3 7320U;  RAM: 8GB; SSD: 512GB; OS: W11+OHS; DISPLAY: 14 INCI,
P192,LENOVO IDEAPAD SLIM 3 82XL007CID ABYSS BLUE,8699000,LAPTOP LENOVO,img\produk\LENOVO IDEAPAD SLIM 3 82XL007CID ABYSS BLUE.jpg,CPU: RYZEN 5-7530U; RAM: 8GB; SSD: 512GB; OS: W11+OHS + BACKLIT KEYBOARD'; DISPLAY: 14 INCI FHD,
P193,LENOVO IDEAPAD SLIM 3 82XL007BID GREY,8699000,LAPTOP LENOVO,img\produk\LENOVO IDEAPAD SLIM 3 82XL007CID ABYSS BLUE.jpg,CPU: RYZEN 5-7530U; RAM: 8GB; SSD: 512GB; OS: W11+OHS + BACKLIT KEYBOARD'; DISPLAY: 14 INCI FHD,
P194,LENOVO SLIM 3 14ARP10 83K6005LID LUNA GREY,8899000,LAPTOP LENOVO,img\produk\LENOVO SLIM 3 14ARP10 83K6005LID LUNA GREY.jpg,CPU: RYZEN 5 7535HS; RAM: 8GB; SSD: 512GB; OS: W11+OHS; DISPLAY: 14 INCI WUXGA,
P195,LENOVO SLIM 3 14ARP10 83K6005KID COSMIC BLUE,8899000,LAPTOP LENOVO,img\produk\LENOVO SLIM 3 14ARP10 83K6005LID LUNA GREY.jpg,CPU: RYZEN 5 7535HS; RAM: 8GB; SSD: 512GB; OS: W11+OHS; DISPLAY: 14 INCI WUXGA,
P196,LENOVO SLIM 3 14ABR8 82XL0090ID ARTIC GREY,9099000,LAPTOP LENOVO,img\produk\LENOVO SLIM 3 14ABR8  82XL0090ID ARTIC GREY.png,CPU: RYZEN 5 5625U; RAM: 16GB; SSD: 512GB; OS: WIN11 + OHM + M365; DISPLAY: 14 INCI  FHD IPS   ,
P197,LENOVO SLIM 3 14ABR8 82XL008YID ABBYS BLUE,9099000,LAPTOP LENOVO,img\produk\LENOVO SLIM 3 14ABR8  82XL0090ID ARTIC GREY.png,CPU: RYZEN 5 5625U; RAM: 16GB; SSD: 512GB; OS: WIN11 + OHM + M365; DISPLAY: 14 INCI  FHD IPS   ,
P198,LENOVO SLIM 3 14ARP10 83K6005NID COSMIC BLUE,10849000,LAPTOP LENOVO,img\produk\LENOVO SLIM 3 14ARP10 83K6005NID COSMIC BLUE.png,CPU: RYZEN 7 7735HS; RAM: 16GB; SSD: 512GB; OS: W11+OHS; DISPLAY: 14 INCI WUXGA,
P199,LENOVO SLIM 3 14ARP10 83K6005MID LUNA GREY,10849000,LAPTOP LENOVO,img\produk\LENOVO SLIM 3 14ARP10 83K6005NID COSMIC BLUE GRAY.png,CPU: RYZEN 7 7735HS; RAM: 16GB; SSD: 512GB; OS: W11+OHS; DISPLAY: 14 INCI WUXGA,
P200,LENOVO SLIM 5 83J2003VID CLOUD GREY,11999000,LAPTOP LENOVO,img\produk\LENOVO SLIM 5 83J2003VID CLOUD GREY.png,CPU: RYZEN 7 7735HS; RAM 16GB; SSD: 512GB; OS: W11+OHS+M365 BASIC; DISPLAY:  13.3 INCI WUXGA,
P201,LENOVO IDEAPAD SLIM 5 83HV0031ID COSMIC BLUE,12299000,LAPTOP LENOVO,img\produk\LENOVO IDEAPAD SLIM 5 83HV0031ID COSMIC BLUE.avif,CPU: RYZEN 7 8845HS; RAM: 16GB; SSD: 512GB; OS: W11+OHS; DISPLAY: 14 INCI,
P202,LENOVO IDEAPAD SLIM 5 83HV0030ID LUNA GREY,12299000,LAPTOP LENOVO,img\produk\LENOVO IDEAPAD SLIM 5 83HV0031ID COSMIC BLUE.avif,CPU: RYZEN 7 8845HS; RAM: 16GB; SSD: 512GB; OS: W11+OHS; DISPLAY: 14 INCI,
P203,LENOVO SLIM 5 14AKP10 83HX00AYID LUNA GREY,12899000,LAPTOP LENOVO,img\produk\LENOVO SLIM 5 14AKP10 83HX00AYID LUNA GREY.png,CPU: RYZEN AI 7 350; RAM: 16GB; SSD: 512GB; OS: W11+OHS; DISPLAY: 14 INCI WUXGA,
P204,LENOVO SLIM 5 14AKP10 83HX00B1ID COSMIC BLUE,12899000,LAPTOP LENOVO,img\produk\LENOVO SLIM 5 14AKP10 83HX00AYID LUNA GREY.png,CPU: RYZEN AI 7 350; RAM: 16GB; SSD: 512GB; OS: W11+OHS; DISPLAY: 14 INCI WUXGA,
P205,LENOVO V14 G4 82YX005BID GREY,8249000,LAPTOP LENOVO,img\produk\LENOVO V14 G4 82YX005BID GREY.avif,CPU: RYZEN 5 7430; RAM: 8GB; SSD: 512GB; OS: W11+OHS; DISPLAY: 14 INCI  FHD  IPS,
P206,LENOVO IDEAPAD 5 14IRU9 83KX006BID COSMIC BLUE,12699000,LAPTOP LENOVO,img\produk\LENOVO IDEAPAD 5 14IRU9 83KX006BID COSMIC BLUE.avif,CPU: CORE I5-13420H; RAM: 16GB; SSD: 512GB; OS: W11+OHS; DISPLAY: 14 INCI  WUXGA; NOTE: TOUCH 2 IN 1 PEN ,
P207,LENOVO IDEAPAD 5 14IRU9 83KX006DID LUNA GREY,12699000,LAPTOP LENOVO,img\produk\LENOVO IDEAPAD 5 14IRU9 83KX006BID COSMIC BLUE.avif,CPU: CORE I5-13420H; RAM: 16GB; SSD: 512GB; OS: W11+OHS; DISPLAY: 14 INCI WUXGA; NOTE:  TOUCH 2 IN 1 PEN ,
P208,LENOVO IDEAPAD 5 83KT003JID COSMIC BLUE,13149000,LAPTOP LENOVO,img\produk\LENOVO IDEAPAD 5 83KT003JID COSMIC BLUE.png,CPU: RYZEN AI 5 340;  RAM: 16GB;  SSD: 512GB; OS: W11+OHS; DISPLAY: 14 INCI WUXGA OLED + 2 IN 1  TOUCH  PEN    ,
P209,FLEX 5 14ABR8 82XX00HTID ABBYS BLUE,10399000,LAPTOP LENOVO,img\produk\FLEX 5 14ABR8 82XX00HTID ABBYS BLUE.avif,CPU: RYZEN 5-5625U;  RAM: 8GB; SSD: 512GB; OS:  W11+OHS; DISPLAY: 14 INCI WUXGA IPS + TOUCH SCREEN,
P210,FLEX 5 14ABR8 82XX00HUID ARTIC GREY,10399000,LAPTOP LENOVO,img\produk\FLEX 5 14ABR8 82XX00HTID ABBYS BLUE.avif,CPU: RYZEN 5-5625U;  RAM: 8GB; SSD: 512GB; OS:  W11+OHS; DISPLAY: 14 INCI WUXGA IPS + TOUCH SCREEN,
P211,LENOVO FLEX 5 82XX00HXID ARTIC GREY,10699000,LAPTOP LENOVO,img\produk\LENOVO FLEX 5 82XX00HXID ARTIC GREY.png,CPU: RYZEN 5-5625U;  RAM: 16GB; SSD: 512GB; OS: WIN 11 + OHS + M365; DISPLAY: 14 INCI WUXGA IPS + TOUCHSCREEN ( PEN ),
P212,LENOVO FLEX 5 82XX00HVID ABBYS BLUE,10699000,LAPTOP LENOVO,img\produk\LENOVO FLEX 5 82XX00HXID ARTIC GREY.png,CPU: RYZEN 5-5625U;  RAM: 16GB; SSD: 512GB; OS: WIN 11 + OHS + M365; DISPLAY: 14 INCI WUXGA IPS + TOUCHSCREEN ( PEN ),
P213,FLEX 5 14ABR8 82XX00HYID ABBYS BLUE,11699000,LAPTOP LENOVO,img\produk\LENOVO FLEX 5 82XX00HXID ARTIC GREY.png,CPU: RYZEN 7-5825U;  RAM: 16GB;  SSD: 512GB;  OS: W11+ OHS2024; DISPLAY: 14 INCI WUXGA IPS + TOUCHSCREEN 2 IN 1,
P214,FLEX 5 14ABR8 82XX00HWID ARTIC GREY,11699000,LAPTOP LENOVO,img\produk\LENOVO FLEX 5 82XX00HXID ARTIC GREY.png,CPU: RYZEN 7-5825U;  RAM: 16GB;  SSD: 512GB;  OS: W11+ OHS2024; DISPLAY: 14 INCI WUXGA IPS + TOUCHSCREEN 2 IN 1,
P215,LENOVO YOGA 7 14AHP9 -  83DK00ALID ARTIC GREY,16999000,LAPTOP LENOVO,img\produk\LENOVO YOGA 7 14AHP9 -  83DK00ALID ARTIC GREY.png,CPU: RYZEN 7-8840HS; RAM: 16GB; SSD: 1TB;  OS: WIN11; DISPLAY: 14 INCI WUXGA OLED ( URBAN SLEEVE CASE ),
P216,LENOVO YOGA 7 14AKP10 - 83JR003DID TIDAk TEAL,16499000,LAPTOP LENOVO,img\produk\LENOVO YOGA 7 14AKP10 - 83JR003DID TIDAk TEAL.png,CPU: RYZEN 5 AI-5340; RAM: 16GB; SSD: 1TB; OS:  W11+OHS+OHM2024; DISPLAY: 14 INCI WUXGA OLED TOUCSCREEN 2 IN 1,
P217,LENOVO YOGA 7 14AKP10 83JR009UID TIDAL TEAL,18399000,LAPTOP LENOVO,img\produk\LENOVO YOGA 7 14AKP10 83JR009UID TIDAL TEAL.avif,CPU: RYZEN AI 7; RAM: 16GB; SSD: 1TB; OS: W11 + OHS; DISPLAY: 14 WUXGA OLED + 2 IN 1 TOUCH + Sleeve+Stylus PEN   ,
P218,LENOVO YOGA 7 14ILL10 -  83JQ007DID SEASHELL,19999000,LAPTOP LENOVO,img\produk\LENOVO YOGA 7 14ILL10 -  83JQ007DID SEASHELL.webp,CPU: ULTRA 7-256V;  RAM: 16GB;  SSD: 1TB;  OS: W11 + OHS 2024; DISPLAY: 14 INCI 2.8K OLED 120HZ TOUCHSCREEN 2IN 1 + BACKLIT KEYBOARD    ,
P219,LENOVO YOGA BOOK 9 83KJ0025ID TIDAK TEAL,35629000,LAPTOP LENOVO,img\produk\LENOVO YOGA BOOK 9 83KJ0025ID TIDAK TEAL.png,CPU: CORE U9 285H; RAM: 32GB; SSD: 1TB; OS: W11+OHS; DISPLAY: 14 INCI 2.8K OLED TS,
P220,LENOVO LOQ 15IAX9E 83LK00EHID LUNA GREY,12799000,LAPTOP LENOVO,img\produk\LENOVO LOQ 15IAX9E 83LK00EHID LUNA GREY.png,CPU: CORE I5 12450HX; RAM: 16GB;  SSD: 512GB; GRAPHIC: RTX3050 6GB; OS:  W11+OHS + M365; DISPLAY:  15 6 INCI FHD   TIDAK DAPAT MOUSE BAWAAN,
P221,LENOVO LOQ 15IRX9 83DV01ASID LUNA GREY,14499000,LAPTOP LENOVO,img\produk\LENOVO LOQ 15IRX9 83DV01ASID LUNA GREY.png,CPU: CORE I5-13450HX;  RAM: 16GB; SSD: 512GB; GRAPHIC:  RTX3050 6GB; DISPLAY: 15.6 INCI FHD 144Hz  WIN11 + OHS + FREE MOUSE M210,
P222,LENOVO LOQ 15IRX10 - 83JE0052ID LUNA GREY,16829000,LAPTOP LENOVO,img\produk\LENOVO LOQ 15IRX10 - 83JE0052ID LUNA GREY.avif,CPU: CORE I5-13450HX;  RAM: 12GB;  SSD: 512GB; GRAPHIC: RTX5050 8GB; OS: W11+OHS2024; DISPLAY: 15.6 INCI FHD 144Hz 100% srgb,
P223,LENOVO LOQ 15IRX10 - 83JE00QCID LUNA GREY,18799000,LAPTOP LENOVO,img\produk\LENOVO LOQ 15IRX10 - 83JE00QCID LUNA GREY.avif,CPU: CORE I5-13450HX;  RAM: 16GB;  SSD: 512GB; GRAPHIC:  RTX5050 8GB; DISPLAY: 15.6 INCI FHD 144Hz  WIN11 + OHS,
P224,LENOVO LOQ 15IRX9 - 83DV01ARID LUNA GREY,17799000,LAPTOP LENOVO,img\produk\LENOVO LOQ 15IRX10 - 83JE00QCID LUNA GREY.avif,CPU: CORE I7-13650HX;  RAM: 16GB;  SSD: 512GB; GRAPHIC:  RTX4050 6GB; DISPLAY: 15.6 INCI FHD 144Hz  WIN11 + OHS,
P225,LENOVO LOQ 83JE00KAID GREY,18499000,LAPTOP LENOVO,img\produk\LENOVO LOQ 83JE00KAID GREY.png,CPU: CORE I7-13700HX;  RAM: 12GB;  SSD: 512GB; GRAPHIC: RTX5050 8GB DDR7; DISPLAY: 15.6 INCI FHD   W11 + OHS 2024 ( FREE MOUSE M210 ),
P226,LENOVO LOQ 15AHP10 - 83JG0073ID LUNA GREY,17499000,LAPTOP LENOVO,img\produk\LENOVO LOQ 15AHP10 - 83JG0073ID LUNA GREY.png,CPU: RYZEN 5 220; RAM: 16GB;  SSD: 512GB; GRAPHIC: RTX5050 8GB; DISPLAY:  15.6 INCI FHD 144Hz; OS: WIN11 + OHS,
P227,LENOVO LOQ 15ARP10E 83S0001AID LUNA GREY,15499000,LAPTOP LENOVO,img\produk\LENOVO LOQ 15ARP10E 83S0001AID LUNA GREY.jpg,CPU: RYZEN 7-7735HS;  RAM: 16GB;  SSD: 512GB; GRAPHIC: RTX3050 6GB; DISPLAY: 15.6 INCI144Hz; OS:  WIN11   TIDAK DAPAT MOUSE BAWAAN,
P228,LENOVO LOQ 15AHP10 83JG0074ID LUNA GREY,18799000,LAPTOP LENOVO,img\produk\LENOVO LOQ 15AHP10 83JG0074ID LUNA GREY.avif,CPU: RYZEN 7 250;  RAM: 16GB;  SSD: 512GB; GRAPHIC: RTX5050 8GB DDR 7; DISPLAY: 15.6 INCI FHD 144Hz 100sRGB; OS: WIN11 + OHS ,
P229,LENOVO LEGION 5 15IRX10 - 83LY00E9ID BLACK,20779000,LAPTOP LENOVO,img\produk\LENOVO LEGION 5 15IRX10 - 83LY00E9ID BLACK.jpg,CPU: CORE i7-13650HX; RAM: 16GB; SSD: 512GB; GRAPHIC: RTX 5050 8GB; OS:  W11 HOME + OHM 2024 + M365; DISPLAY: 15.3 INCI WUXGA IPS,
P230,LENOVO LEGION 5 15IRX10 - 83LY00HKID BLACK,26299000,LAPTOP LENOVO,img\produk\LENOVO LEGION 5 15IRX10 - 83LY00HKID BLACK.avif,CPU: CORE I7 14700HX;  RAM: 16GB;  SSD: 512GB; GRAPHIC: RTX5060 8GB; OS: W11+OHS; DISPLAY: 15.1 INCI WQXGA OLED,
P231,LENOVO LEGION 5 15IRX10 83LY00HLID BLACK,24999000,LAPTOP LENOVO,img\produk\LENOVO LEGION 5 15IRX10 83LY00HLID BLACK.png,CPU: CORE I7-14700HX; RAM: 16GB; SSD: 512GB; GRAPHIC:  RTX5050 8GB; OS:  WIN11; DISPLAY: 15.1 INCI WQXGA OLED OHM+M365,
P232,LENOVO LEGION 5 15IRX10 83LY004RID BLACK,24999000,LAPTOP LENOVO,img\produk\LENOVO LEGION 5 15IRX10 83LY004RID BLACK.avif,CPU: CORE I7-14700HX; RAM: 24GB; SSD: 512GB; GRAPHIC:  RTX5050 8GB; OS:  W11+OHS+M365; DISPLAY: 15.1 INCI WQXGA 165HZ ,
P233,LEGION 5 15IAX10 83F00064ID BLACK,30399000,LAPTOP LENOVO,img\produk\LENOVO LEGION 5 15IRX10 83LY00HLID BLACK.png,CPU: ULTRA 7 255HX;  RAM: 32GB;  SSD: 512GB; GRAPHIC:  RTX 5070 8GB; OS: W11 HOME  OHM2024 + M365; DISPLAY:  15.1 INCI WQXGA OLED,
P234,LENOVO LEGION PRO 5 16IAX10 - 83F30035ID BLACK,28999000,LAPTOP LENOVO,img\produk\LENOVO LEGION 5 15IRX10 83LY00HLID BLACK.png,CPU: ULTRA 7 255HX;  RAM: 16GB;  SSD: 1TB;  GRAPHIC: RTX5060 8GB; DISPLAY: 16 INCI WQXGA OLED 165HZ; OS:  W11+OHS+M365B + MOUSE M300S RGB,
P235,LENOVO LEGION PRO 5 16IAX10H - 83LU001LID BLACK,39999000,LAPTOP LENOVO,img\produk\LENOVO LEGION 5 15IRX10 83LY00HLID BLACK.png,CPU: Ultra 9-275HX;  RAM: 32GB; SSD: 1TB; GRAPHIC:  RTX5070 TI 12GB; OS: WIN11 + OHM + M365; DISPLAY: 16 INCI WQXGA ,
P236,LENOVO LEGION 7 16IAX10 - 83KY004EID WHITE,37199000,LAPTOP LENOVO,img\produk\LENOVO LEGION 7 16IAX10 - 83KY004EID WHITE.png,CPU: ULTRA 9 275HX; RAM: 32GB; SSD: 1TB; GRAPHIC: RTX5070 8GB; OS: WIN11 + OLED OHM+M365; DISPLAY: 16 INCI WQXGA ,
P237,LENOVO F0HN00Q6ID LUNA GREY,8499000,PC AIO LENOVO,img\produk\LENOVO F0HN00Q6ID LUNA GREY.webp,CPU: CORE I3 1315U;  RAM: 8GB;  SSD: 512GB; OS: W11; DISPLAY: 23 8 INCI,
P238,LENOVO 27IRH9 F0HM00Q6ID LUNA GREY,11999000,PC AIO LENOVO,img\produk\LENOVO 27IRH9 F0HM00Q6ID LUNA GREY.png,CPU: CORE I5-13420H;  RAM: 8GB;  SSD: 512GB; OS: WIN11 + OHM 2024 + M365; DISPLAY: 27 INCI FHD  ,
P239,SMARTLOCK EZVIZ DL05,1905000,SMARTLOCK EZVIZ,img\produk\DL05.webp,Miliki pintu masuk rumah yang aman dan praktis tanpa kunci,
P240,INSTAL ULANG SISTEM (UNIT BISA DIJEMPUT),85000,SISTEM,img\produk\INSTALL ULANG.jfif,Intal ulang komputer/ laptop/ pc aio window & sistem lainmya ,
P241,CLEANING DEBU PC/LAPTOP & GANTI PASTA,100000,CLEANING DEBU PC/LAPTOP,img\produk\CLEANING DEBU.jfif,solusi pc/laptop anda tetap adem  kinerja lebih stabil  mengurangi resiko kerusakan hardware,
P242,RESET PRINTER EPSON/CANON/DLL,100000,RESET PRINTER,img\produk\RESET.png,Solusi printer error  lampu berkedip  tidak bisa cetak  error tinta,
P243,RUIJIE REYEE CEILING RG-RAP62,1600000,RUIJIE,img\produk\RUIJIE REYEE CEILING RG-RAP62.png,AP Mesh Serbaguna Indoor/Outdoor AX3000 untuk Vila dan Bisnis Ritel,
P244,RUIJIE REYEE RG-RAP1200F AC1300 ACCSES POINT,728000,RUIJIE,img\produk\RUIJIE REYEE RG-RAP1200F AC1300 ACCSES POINT.webp,Performa radio ganda  akses poin model dinding gigabit wireless,
P245,RUIJIE REYEE RG-RAP1200P,1378000,RUIJIE,img\produk\RUIJIE REYEE RG-RAP1200P.jpg,Performa radio ganda  akses poin model dinding gigabit penuh,
P246,RUIJIE REYEE RG-RAP1201,1180000,RUIJIE,img\produk\RUIJIE REYEE RG-RAP1201.png,Performa radio-ganda  AP wireless gigabit pemasangan dinding,
P247,RUIJIE REYEE RG-RAP2200E AC1300 DUAL BAND CEILING MOUNT ACCESS POINT,1185000,RUIJIE,img\produk\RUIJIE REYEE RG-RAP2200E AC1300 DUAL BAND CEILING MOUNT ACCESS POINT.png,Performa Radio-Ganda  hingga 1.267 Gbps.,
P248,RUIJIE REYE RG-RAP2200F AC1300 DUAL BAND CEILING MOUNT ACCESS POINT,918000,RUIJIE,img\produk\RUIJIE REYEE RG-RAP2200F AC1300 DUAL BAND CEILING MOUNT ACCESS POINT.png,Performa Radio-Ganda  hingga 1.267 Gbps.,
P249,RUIJIE REYEE RG-RAP2260 AX3000 WIFI6 CEILING MOUNT,1815000,RUIJIE,img\produk\RUIJIE REYEE RG-RAP2260 AX3000 WIFI6 CEILING MOUNT.png,Ultra-high performance Wi-Fi with 2.97 Gbps throughput.,
P250,RUIJIE REYEE RG-RAP2266 WIFI6 AX3000 INDOOR CEILING MOUTED,1860000,RUIJIE,img\produk\RUIJIE REYEE RG-RAP2266 WIFI6 AX3000 INDOOR CEILING MOUTED.png,Performa radio-ganda  AP model ceiling wireless gigabit,
P251,RUIJIE REYEE RG-RAP52OD,1336000,RUIJIE,img\produk\RUIJIE REYEE RG-RAP52OD.png,AP Mini Outdoor Wave 2 AC1300 untuk Vila dan Bisnis Ritel,
P252,RUIJIE REYEE FB-RAP6202G AC1300 ACCESS POINT OUTDOOR,2386000,RUIJIE,img\produk\RUIJIE REYEE FB-RAP6202G AC1300 ACCESS POINT OUTDOOR.png,Desain gaya UFO � perpaduan sempurna antara teknologi Wi-Fi 6 dan hasil seni,
P253,RUIJIE REYEE RG-RAP72 WIFI7 BE3600 CEILING MOUNT ACCESS POINT,2000000,RUIJIE,img\produk\RUIJIE REYEE RG-RAP72 WIFI7 BE3600 CEILING MOUNT ACCESS POINT.png,AI-powered Wi-Fi 7 ceiling-mount AP with dual-radio performance,
P254,RUIJIEE REYEE RG-RAP720L WIRELESS,1700000,RUIJIE,img\produk\RUIJIEE REYEE RG-RAP720L WIRELESS.png,Dual Radios  Combined Rate Up to 1.167 Gbps,
P255,RUIJIE REYEE CEILING RG-RAP2260E,2852000,RUIJIE,img\produk\RUIJIE REYEE CEILING RG-RAP2260E.jpg,,
P256,"RUIJIE REYEE RG-RAP6262G OUTDOOR AP, AX1800 DUAL BAND",2586000,RUIJIE,"img\produk\RUIJIE REYEE RG-RAP6262G OUTDOOR AP, AX1800 DUAL BAND.jpg",Desain gaya UFO � perpaduan sempurna antara teknologi Wi-Fi 6 dan hasil seni,
P257,RUIJIE REYEE RG-EG209GS 9PORT GIGABYTE SMART CLOUD MANAGED ROUTER WITH 1 SFP,1866000,RUIJIE,img\produk\RUIJIE REYEE RG-EG209GS 9PORT GIGABYTE SMART CLOUD MANAGED ROUTER WITH 1 SFP.png,Port SFP LAN/WAN bisa saling tukar untuk menambah koneksi fiber,
P258,RUIJIE REYEE RG-EW1200 AC1200 DUAL BAND WIRELESS ROUTER,468000,RUIJIE,img\produk\RUIJIE REYEE RG-EW1200 AC1200 DUAL BAND WIRELESS ROUTER.png,Mendukung 802.11ac wave2,
P259,RUIJIE REYEE RG-EW1200G PRO AC DUAL BAND GIGABYTE WIRELESS ROUTER,660000,RUIJIE,img\produk\RUIJIE REYEE RG-EW1200G PRO AC DUAL BAND GIGABYTE WIRELESS ROUTER.png,Mendukung hingga 64 koneksi perangkat secara bersamaan,
P260,RUIJIE REYEE RG-EW3000GX GAMING ROUTER WIFI 6,868000,RUIJIE,img\produk\RUIJIE REYEE RG-EW3000GX GAMING ROUTER WIFI 6.png,Reyee mesh eksklusif menyediakan solusi Wi-Fi cakupan menyeluruh,
P261,RUIJIE REYEE RG-EW3000GX PRO GAMING ROUTER WIFI 6,1286000,RUIJIE,img\produk\RUIJIE REYEE RG-EW3000GX PRO GAMING ROUTER WIFI 6.png,Mesin Game memberikan pengalaman bermain game yang tiada tanding,
P262,RUIJIE REYEE RG-EW300N ROUTER WIRELESS N300 WIFI 4,286000,RUIJIE,img\produk\RUIJIE REYEE RG-EW300N ROUTER WIRELESS N300 WIFI 4.png,Mendukung manajemen cloud gratis seumur hidup,
P263,TP LINK ROUTER TL-WR840N 300Mbps,195000,TP LINK,img\produk\WR400N.jpg,Jaringan Tamu menyediakan akses terpisah untuk tamu sekaligus menjaga keamanan jaringan rumah.,
P264,TARMOC HTB-3100 AB,155000,TARMOC,img\produk\HTB3100 TARMOC.jpeg,,
P265,ADAPTOR HTB TARMOC 2A,80000,TARMOC,img\produk\ADAPTOR HTB TARMOC.jpeg,,
P266,TOOLS CLEANING 6 IN 1,55000,TOOLS,img\produk\TOOLS CLEANING.jpeg,,
P267,BOR CATRIDGE MANUAL FOR PRINTER CANON/HP,45000,TOOLS,img\produk\BOR CATRIDGE.jfif,,
P268,OPPO A5i 4/128GB,1699000,OPPO,img\produk\OPPO A5i 4 128.png,CPU: Qualcomm Snapdragon 6s 4G Gen 1; BATERAI: 5100mAh pengisian daya cepat 45W SUPERVOOC; LAYAR: 6.67 inci HD+ 90Hz; KAMERA BELAKANG: 8MP; RAM: 4GB; ROM: 128GB; NOTE:  ketahanan bodi standar militer IP54,
P269,OPPO A5X 4/128GB,1899000,OPPO,img\produk\OPPO A5X.png,CPU: Qualcomm Snapdragon 6s 4G Gen 1; RAM: 4GB;  ROM: 128GB;KAMERA: BELAKANG 32 MP  Depan 5 MP; BATERAI: 6000 mAh; NOTE: Fitur Lain: Side fingerprint  IP65; ,
P270,OPPO A5X 6/128GB,2199000,OPPO,img\produk\OPPO A5X.png,CPU: Qualcomm Snapdragon 6s 4G Gen 1; RAM: 4GB;  ROM: 128GB;  KAMERA: Utama 32 MP  Depan 5 MP;  BATERAI: 6000 mAh; NOTE:  Fitur Lain: Side fingerprint  IP65 ,
P271,OPPO A6X 4/64GB,2099000,OPPO,img\produk\OPPO A6X.png,baterai jumbo 6.500 mAh  layar IPS 6.75 inci 120Hz  dan chipset Qualcomm Snapdragon 685 (6 nm). HP ini dilengkapi RAM 4GB/6GB  penyimpanan hingga 256GB  kamera 13MP  serta sertifikasi IP64.�,2000000
P272,OPPO A6X 4/128GB,2799000,OPPO,img\produk\OPPO A6X.png,baterai jumbo 6.500 mAh  layar IPS 6.75 inci 120Hz  dan chipset Qualcomm Snapdragon 685 (6 nm). HP ini dilengkapi RAM 4GB/6GB  penyimpanan hingga 256GB  kamera 13MP  serta sertifikasi IP64.�,2600000
P273,OPPO A6X 6/128GB,3499000,OPPO,img\produk\OPPO A6X.png,baterai jumbo 6.500 mAh  layar IPS 6.75 inci 120Hz  dan chipset Qualcomm Snapdragon 685 (6 nm). HP ini dilengkapi RAM 4GB/6GB  penyimpanan hingga 256GB  kamera 13MP  serta sertifikasi IP64.�,3299000
P274,OPPO A6X 6/256GB,3899000,OPPO,img\produk\OPPO A6X.png,baterai jumbo 6.500 mAh  layar IPS 6.75 inci 120Hz  dan chipset Qualcomm Snapdragon 685 (6 nm). HP ini dilengkapi RAM 4GB/6GB  penyimpanan hingga 256GB  kamera 13MP  serta sertifikasi IP64.�,3699000
P275,OPPO A6 6/128GB,4099000,OPPO,img\produk\OPPO A6.png,"chipset Snapdragon 685  layar 6.75"" HD+ 90Hz  RAM 6GB  penyimpanan 128/256GB  kamera utama 50MP  baterai 7000mAh dengan SuperVOOC 45W  dan sertifikasi IP69 tahan air/debu  menjalankan ColorOS 15 berbasis Android 15",3899000
P276,OPPO A6 6/256GB,4399000,OPPO,img\produk\OPPO A6.png,"chipset Snapdragon 685  layar 6.75"" HD+ 90Hz  RAM 6GB  penyimpanan 128/256GB  kamera utama 50MP  baterai 7000mAh dengan SuperVOOC 45W  dan sertifikasi IP69 tahan air/debu  menjalankan ColorOS 15 berbasis Android 15",4199000
P277,OPPO A6 PRO 4G 8/128GB,4099000,OPPO,img\produk\OPPO A6 PRO.png,chipset MediaTek Dimensity 6300 Layar AMOLED 120Hz  RAM 8GB  penyimpanan 256GB  sertifikasi ketahanan air/debu IP69  serta kamera utama 50MP  baterai super besar 7.000 mAh dengan pengisian cepat 80W SUPERVOOC,
P278,OPPO A6 PRO 4G 8/256GB,4499000,OPPO,img\produk\OPPO A6 PRO.png,chipset MediaTek Dimensity 6300 Layar AMOLED 120Hz  RAM 8GB  penyimpanan 256GB  sertifikasi ketahanan air/debu IP69  serta kamera utama 50MP  baterai super besar 7.000 mAh dengan pengisian cepat 80W SUPERVOOC,
P279,OPPO A6 PRO 5G 8/256GB,4799000,OPPO,img\produk\OPPO A6PRO.png,chipset MediaTek Dimensity 6300 Layar AMOLED 120Hz  RAM 8GB  penyimpanan 256GB  sertifikasi ketahanan air/debu IP69  serta kamera utama 50MP  baterai super besar 7.000 mAh dengan pengisian cepat 80W SUPERVOOC,
P280,OPPO RENO 13F 5G 12/256GB,5999000,OPPO,img\produk\OPPO RENO 13F 5G.png,layar AMOLED 6.67 inci 120Hz  chipset Snapdragon 6 Gen 1  RAM 12GB Penyimpanan 256GB dan baterai besar 5800mAh (45W VOOC) kamera belakang 50MP OIS  kamera depan 32MP,5799000
P281,OPPO RENO 15F 8/128GB,5999000,OPPO,img\produk\OPPO RENO15 F.png,baterai ekstra besar 7.000 mAh chipset Snapdragon 6 Gen 1 dengan layar AMOLED 6.67 inci 120Hz pengisian daya 80W SuperVOOC kamera utama 50MP dan kamera depan 50MP.�,
P282,OPPO RENO 15F 8/256GB,6499000,OPPO,img\produk\OPPO RENO15 F.png,baterai ekstra besar 7.000 mAh chipset Snapdragon 6 Gen 1 dengan layar AMOLED 6.67 inci 120Hz pengisian daya 80W SuperVOOC kamera utama 50MP dan kamera depan 50MP.�,6199000
P283,OPPO RENO 15F 12/256GB,6999000,OPPO,img\produk\OPPO RENO15 F.png,baterai ekstra besar 7.000 mAh chipset Snapdragon 6 Gen 1 dengan layar AMOLED 6.67 inci 120Hz pengisian daya 80W SuperVOOC kamera utama 50MP dan kamera depan 50MP.�,6699000
P284,OPPO RENO 15 8/256GB,8099000,OPPO,img\produk\OPPO RENO 15.png,layar AMOLED 6.59 inci 120Hz  chipset Snapdragon 7 Gen 4 atau Dimensity 8450  kamera utama 50MP/200MP dengan OIS  kamera selfie 50MP  baterai jumbo 6.500 mAh  dan 80W SuperVOOC  menjalankan Android 16,7949000
P285,OPPO RENO 15 12/256GB,8799000,OPPO,img\produk\OPPO RENO 15.png,layar AMOLED 6.59 inci 120Hz  chipset Snapdragon 7 Gen 4 atau Dimensity 8450  kamera utama 50MP/200MP dengan OIS  kamera selfie 50MP  baterai jumbo 6.500 mAh  dan 80W SuperVOOC  menjalankan Android 16,8650000
P286,OPPO RENO 15 PROMAX 12/512GB,13799000,OPPO,img\produk\OPPO RENO 15 PROMAX.png,MediaTek Dimensity 8450 6500mAh  12GB + 512GB 6 78 inci 120HZ 50MP,13599000
P287,VIVO Y04S 4/64GB,1549000,VIVO,img\produk\VIVO Y04S.png,baterai raksasa 6000mAh  layar 6.74 inci 90Hz  dan sertifikasi tahan air/debu IP64. Ditenagai chipset Unisoc T612/T7225  RAM dan Penyimpanan disesuaikan perangkat ini berjalan pada Funtouch OS 14 berbasis Android 14 dengan kamera utama 13MP,
P288,VIVO Y04S 4/128GB,1799000,VIVO,img\produk\VIVO Y04S.png,baterai raksasa 6000mAh  layar 6.74 inci 90Hz  dan sertifikasi tahan air/debu IP64. Ditenagai chipset Unisoc T612/T7225  RAM dan Penyimpanan disesuaikan perangkat ini berjalan pada Funtouch OS 14 berbasis Android 14 dengan kamera utama 13MP,
P289,VIVO Y05 4/64GB,1899000,VIVO,img\produk\VIVO Y05.png,CPU: chipset Unisoc Tiger T7225; LAYAR: 6.74 inci 120Hz; KAMERA: kamera front 5MP  REAR 8MP; BATERAI: 6500 mAh 15W,
P290,VIVO Y05 4/128GB,1999000,VIVO,img\produk\VIVO Y05.png,CPU: chipset Unisoc Tiger T7225; LAYAR: 6.74 inci 120Hz; KAMERA: kamera front 5MP  REAR 8MP; BATERAI: 6500 mAh 15W,
P291,VIVO Y19S PRO 4/64GB,1599000,VIVO,img\produk\VIVO Y19S.webp,CPU: chipset Unisoc Tiger T612; LAYAR: 6.68 inci 90Hz; KAMERA: kamera utama 50MP; BATERAI: 6000 mAh,
P292,VIVO Y19S PRO 4/128GB,1799000,VIVO,img\produk\VIVO Y19S.webp,CPU: chipset Unisoc Tiger T612; LAYAR: 6.68 inci 90Hz; KAMERA: kamera utama 50MP; BATERAI: 6000 mAh,
P293,VIVO Y19S PRO 6/128GB,1999000,VIVO,img\produk\VIVO Y19S.webp,CPU: chipset Unisoc Tiger T612; LAYAR: 6.68 inci 90Hz; KAMERA: kamera utama 50MP; BATERAI: 6000 mAh,
P294,VIVO Y21D 4/128GB,2399000,VIVO,img\produk\VIVO Y21D.webp,CPU: chipset Unisoc T7225;  RAM: 4GB;  LAYAR: 6.68 inci 90Hz; KAMERA: kamera 50MP; BATERAI: baterai jumbo 6500 mAh,
P295,VIVO Y21D 6/128GB,2799000,VIVO,img\produk\VIVO Y21D.webp,CPU: chipset Unisoc T7225;  RAM: 6GB;  LAYAR: 6.68 inci 90Hz; KAMERA: kamera 50MP; BATERAI: baterai jumbo 6500 mAh,
P296,VIVO Y21D 6/256GB,3199000,VIVO,img\produk\VIVO Y21D.webp,CPU: chipset Unisoc T7225;  RAM: 6GB;  LAYAR: 6.68 inci 90Hz; KAMERA: kamera 50MP; BATERAI: baterai jumbo 6500 mAh,
P297,VIVO Y21D 8/128GB,2999000,VIVO,img\produk\VIVO Y21D.webp,CPU: chipset Unisoc T7225;  RAM: 8GB;  LAYAR: 6.68 inci 90Hz; KAMERA: kamera 50MP; BATERAI: baterai jumbo 6500 mAh,
P298,VIVO Y29 6/128GB,2399000,VIVO,img\produk\VIVO Y29.png,CPU: chipset Snapdragon 685; RAM: 8GB; ROM: 256GB; BATERAI: 6500mAh  pengisian cepat 44W; LAYAR: 6.68 inci HD+ 120Hz; KAMERA:  kamera utama 50MP ,
P299,VIVO Y29 8/128GB,2599000,VIVO,img\produk\VIVO Y29.png,CPU: chipset Snapdragon 685; RAM: 8GB; ROM: 256GB; BATERAI: 6500mAh  pengisian cepat 44W; LAYAR: 6.68 inci HD+ 120Hz; KAMERA:  kamera utama 50MP ,
P300,VIVO Y29 8/256GB,2899000,VIVO,img\produk\VIVO Y29.png,CPU: chipset Snapdragon 685; RAM: 8GB; ROM: 256GB; BATERAI: 6500mAh  pengisian cepat 44W; LAYAR: 6.68 inci HD+ 120Hz; KAMERA:  kamera utama 50MP ,
P301,VIVO V60 LITE 4G 8/256GB,4499000,VIVO,img\produk\VIVO V60 LITE 4G.webp,CPU: chipset Snapdragon 685; LAYAR: AMOLED 6.77 inci 120Hz;  RAM: 8GB (bisa diperluas);ROM: 128/256GB; BATERAI: 6500mAh + 90W FlashCharge; KAMERA:  kamera utama 50MP,
P302,VIVO V60 LITE 5G 8/256GB,5499000,VIVO,img\produk\VIVO V60 LITE 4G.webp,CPU: MediaTek Dimensity 7360-Turbo; LAYAR:  AMOLED 120Hz; BATERAI:  500mAh  90W fast charge; KAMERA:  kamera utama 50MP sensor Sony,
P303,VIVO V60 LITE 5G 12/512GB,5999000,VIVO,img\produk\VIVO V60 LITE 4G.webp,CPU: MediaTek Dimensity 7360-Turbo; LAYAR:  AMOLED 120Hz; BATERAI:  500mAh  90W fast charge; KAMERA:  kamera utama 50MP sensor Sony,
P304,VIVO V60 8/256GB,6999000,VIVO,img\produk\VIVO V60.webp,CPU:  chipset Snapdragon 7 Gen 4; KAMERA: kamera 50MP ZEISS; BATERAI: 6500 mAh ,
P305,VIVO V60 12/256GB,7499000,VIVO,img\produk\VIVO V60.webp,CPU:  chipset Snapdragon 7 Gen 4; KAMERA: kamera 50MP ZEISS; BATERAI: 6500 mAh ,
P306,VIVO V60 12/512GB,8499000,VIVO,img\produk\VIVO V60.webp,CPU:  chipset Snapdragon 7 Gen 4; KAMERA: kamera 50MP ZEISS; BATERAI: 6500 mAh ,
P307,VIVO XFOLD5 16/512GB,24999000,VIVO,img\produk\VIVO XFOLD.webp,CPU: chipset Snapdragon 8 Gen 3; BATERAI: 6000mAh; KAMERA: kamera Zeiss 50MP,
P308,VIVO X300 12/256GB,14999000,VIVO,img\produk\VIVO X300.webp,CPU: Dimensity 9500; BATERAI: 6040mAh  90W;KAMERA: Depan 50MP/BELAKANG 200MP+50+50MP; LAYAR: 6.31 INCI AMOLED,14899000
P309,VIVO X300 16/512GB,16999000,VIVO,img\produk\VIVO X300.webp,CPU: Dimensity 9500; BATERAI: 6040mAh  90W;KAMERA: Depan 50MP/BELAKANG 200MP+50+50MP; LAYAR: 6.31 INCI AMOLED,16899000
P310,REDMI A5 4/128GB,1399000,SMARTPHONE XIAOMI,img\produk\REDMI A5.webp,CPU: Prosesor UNISOC T7250; RAM&ROM:  4 GB + 128 GB; LAYAR:  6.88 INCI; KAMERA: Kamera utama 32 MP; BATERAI: 5.200 mAh,
P311,REDMI 15C 6/128GB,1899000,SMARTPHONE XIAOMI,img\produk\REDMI 15C.webp,CPU: Prosesor MediaTek Helio G81-Ultra; RAM&ROM:  6 GB + 128GB;  KAMERA:  Kamera utama 50 MP; BATERAI:  6.000 mAh,
P312,REDMI 15C 8/256GB,2099000,SMARTPHONE XIAOMI,img\produk\REDMI 15C.webp,CPU: Prosesor MediaTek Helio G81-Ultra; RAM&ROM:  6 GB + 128GB;  KAMERA:  Kamera utama 50 MP; BATERAI:  6.000 mAh,
P313,REDMI 15 8/128GB,2299000,SMARTPHONE XIAOMI,img\produk\REDMI 15.webp,CPU: Snapdragon 685; LAYAR: 6.9 144Hz; BATERAI: 7.000 mAh 33W; KAMERA: kamera utama 50M,
P314,REDMI 15 8/256GB,2499000,SMARTPHONE XIAOMI,img\produk\REDMI 15.webp,CPU: Snapdragon 685; LAYAR: 6.9 144Hz; BATERAI: 7.000 mAh 33W; KAMERA: kamera utama 50M,
P315,REDMI NOTE 14 8/128GB,2399000,SMARTPHONE XIAOMI,img\produk\REDMI NOTE 14.webp,CPU: Helio G99-Ultra; RAM&ROM: 8 GB+128GB/ 8 GB+256GB; LAYAR: AMOLED 6.67; KAMERA:  Kamera utama 108 MP; BATERAI: 5.500 mAh,
P316,REDMI NOTE 14 8/256GB,2599000,SMARTPHONE XIAOMI,img\produk\REDMI NOTE 14.webp,CPU: Helio G99-Ultra; RAM&ROM: 8 GB+128GB/ 8 GB+256GB; LAYAR: AMOLED 6.67; KAMERA:  Kamera utama 108 MP; BATERAI: 5.500 mAh,
P317,REDMI NOTE 14 5G 8/256GB,3199000,SMARTPHONE XIAOMI,img\produk\REDMI NOTE 14 5G.webp,CPU: Dimensity 7025-Ultra; RAM&ROM:  8GB+256GB/ 12GB+512GB; LAYAR: AMOLED 6.67; KAMERA: Kamera utama 108 MP; BATERAI: 5.110 mAh ,3099000
P318,REDMI NOTE 14 5G 12/512GB,3999000,SMARTPHONE XIAOMI,img\produk\REDMI NOTE 14 5G.webp,CPU: Dimensity 7025-Ultra; RAM&ROM:  8GB+256GB/ 12GB+512GB; LAYAR: AMOLED 6.67; KAMERA: Kamera utama 108 MP; BATERAI: 5.110 mAh ,
P319,REDMI NOTE 14 PRO 5G 8/256GB,4399000,SMARTPHONE XIAOMI,img\produk\REDMI NOTE 14PRO 5G.webp,CPU: MediaTek Dimensity 7300-Ultra; RAM&ROM:  8+256 GB/ 12+512 GB; LAYAR: CrystalRes AMOLED 6.67; KAMERA: Kamera utama 200 MP; BATERAI:  5.110 mAh,3849000
P320,REDMI NOTE 14 PRO 5G 12/512GB,4999000,SMARTPHONE XIAOMI,img\produk\REDMI NOTE 14PRO 5G.webp,CPU: MediaTek Dimensity 7300-Ultra; RAM&ROM:  8+256 GB/ 12+512 GB; LAYAR: CrystalRes AMOLED 6.67; KAMERA: Kamera utama 200 MP; BATERAI:  5.110 mAh,
P321,REDMI NOTE 14 PRO+ 5G 8/256GB,5499000,SMARTPHONE XIAOMI,img\produk\REDMI NOTE14 PRO+ 5G.webp,CPU: Snapdragon 7s Gen 3; RAM&ROM: 8+256 GB/ 12+512 GB; LAYAR: CrystalRes AMOLED 6.67; KAMERA: Kamera utama 200 MP; BATERAI:  5.110 mAh ,
P322,REDMI NOTE 14 PRO+ 5G 12/512GB,5999000,SMARTPHONE XIAOMI,img\produk\REDMI NOTE14 PRO+ 5G.webp,CPU: Snapdragon 7s Gen 3; RAM&ROM: 8+256 GB/ 12+512 GB; LAYAR: CrystalRes AMOLED 6.67; KAMERA: Kamera utama 200 MP; BATERAI:  5.110 mAh ,5899000
P323,REDMI NOTE 15 8/128GB,2899000,SMARTPHONE XIAOMI,img\produk\REDMI NOTE 15.webp,CPU: MediaTek Helio G100-Ultra; RAM&ROM:  8GB+128GB/ 8GB+256GB; LAYAR: AMOLED 6.77; KAMERA: Kamera utama 108MP; BATERAI: 6000mAh,
P324,REDMI NOTE 15 8/256GB,3099000,SMARTPHONE XIAOMI,img\produk\REDMI NOTE 15.webp,CPU: MediaTek Helio G100-Ultra; RAM&ROM:  8GB+128GB/ 8GB+256GB; LAYAR: AMOLED 6.77; KAMERA: Kamera utama 108MP; BATERAI: 6000mAh,
P325,REDMI NOTE 15 5G 8/256GB,3799000,SMARTPHONE XIAOMI,img\produk\REDMI NOTE 15 5G.webp,CPU: Snapdragon 6 Gen 3; RAM&ROM:  8GB + 256GB/ 12GB + 512GB; LAYAR: AMOLED 6.77; KAMERA: 108 MP kamera utama; BATERAI: 5520 mAh,
P326,REDMI NOTE 15 5G 8/512GB,4599000,SMARTPHONE XIAOMI,img\produk\REDMI NOTE 15 5G.webp,CPU: Snapdragon 6 Gen 3; RAM&ROM:  8GB + 256GB/ 12GB + 512GB; LAYAR: AMOLED 6.77; KAMERA: 108 MP kamera utama; BATERAI: 5520 mAh,
P327,REDMI NOTE 15 PRO 5G 8/256GB,4699000,SMARTPHONE XIAOMI,img\produk\REDMI NOTE 15 PRO 5G.webp,CPU: MediaTek Dimensity 7400-Ultra; RAM&ROM:  8GB+256GB/ 12GB+512GB; LAYAR: AMOLED 6.83; KAMERA:  Kamera utama 200 MP; BATERAI: 6580 mAh,
P328,REDMI NOTE 15 PRO 5G 8/512GB,5599000,SMARTPHONE XIAOMI,img\produk\REDMI NOTE 15 PRO 5G.webp,CPU: MediaTek Dimensity 7400-Ultra; RAM&ROM:  8GB+256GB/ 12GB+512GB; LAYAR: AMOLED 6.83; KAMERA:  Kamera utama 200 MP; BATERAI: 6580 mAh,
P329,REDMI NOTE 15 PRO+ 5G 8/256GB,5999000,SMARTPHONE XIAOMI,img\produk\REDMI NOTE 15 PRO+ 5G.webp,CPU: Snapdragon7s Gen 4; LAYAR:  6.83 CrystalRes AMOLED; KAMERA:  Kamera utama 200 MP; BATERAI:  6500 mAh,
P330,REDMI NOTE 15 PRO+ 5G 12/512GB,6799000,SMARTPHONE XIAOMI,img\produk\REDMI NOTE 15 PRO+ 5G.webp,CPU: Snapdragon7s Gen 4; LAYAR:  6.83 CrystalRes AMOLED; KAMERA:  Kamera utama 200 MP; BATERAI: 6500 mAh,
P331,XIAOMI 15T 12/512GB,7999000,SMARTPHONE XIAOMI,img\produk\XIAOMI 15T.webp,CPU: MediaTek Dimensity 8400-Ultra; LAYAR:  6.83 120Hz eye-care display; BATERAI:  Xiaomi Surge Battery 5.500 mAh,
P332,XIAOMI 15T PRO 12/512GB,10299000,SMARTPHONE XIAOMI,img\produk\XIAOMI 15T.webp,CPU: MediaTek Dimensity 9400+;  LAYAR: 6.83 144Hz eye-care display; BATERAI:  Xiaomi Surge Battery 5.500 mAh,
P333,REDMI PAD SE 8.7  4/128GB,1799000,SMARTPHONE XIAOMI,img\produk\REDMI PAD SE 8.7.webp,CPU: Helio G85; KAMERA: 5MP+8MP; LAYAR: 8.7 IPS DISPLAY FHD 90HZ; BATERAI:  6650 Mah 18W,
P334,REDMI PAD 2 4/128GB,2299000,SMARTPHONE XIAOMI,img\produk\redmi pad 2.webp,CPU: Helio G100 ultra; KAMERA: 5MP+8MP; LAYAR:  11.0 IPS 90HZ; BATERAI: 9000Mah 18W,
P335,REDMI PAD 2,2899000,SMARTPHONE XIAOMI,img\produk\redmi pad 2.webp,CPU: Helio G100 ultra; KAMERA: 5MP+8MP; LAYAR: 11.0 IPS 90HZ; BATERAI:  9000Mah 18W,
P336,REDMI PAD 2 PRO  8/256GB,4499000,SMARTPHONE XIAOMI,img\produk\redmipad 2 pro.webp,CPU: Snapdragon 7s Gen2; RAM: 8+8GB; LAYAR: 12.1 IPS 2.5K 120HZ; BATERAI:  10000Mah 33W,4449000
P337,XIAOMI PAD 7  8/256GB,5499000,SMARTPHONE XIAOMI,img\produk\xiaomipad 7.webp,Snapdragon 7s+ Gen3 8+13w/4k  11.2 IPS DISPLAY 2K 144HZ   8850Mah   45W,5449000
P338,XIAOMI PAD 7 PRO  12/512GB,7499000,SMARTPHONE XIAOMI,img\produk\xiaomipad 7 pro.webp,Snapdragon 8s  Gen3   32+50w+2d/4k    11.2 IPS DISPLAY 2K 144HZ   8850 Mah   67W,7449000
P339,XIAOMI SMART TV 32 A PRO 2025,1999000,XIAOMI SMART TV,img\produk\XIAMI SMART TV 32A.jpg,,
P340,XIAOMI SMART TV 32 A PRO 2026,2199000,XIAOMI SMART TV,img\produk\32A 2026.webp,,
P341,XIAOMI SMART TV 43 FHD A 2025,2999000,XIAOMI SMART TV,img\produk\XIAOMI SMART TV 43 FHD A 2025.webp,,
P342,XIAOMI SMART TV 43A PRO 2026 QLED,3549000,XIAOMI SMART TV,img\produk\XIAOMI SMART TV 43A PRO 2026 QLED.webp,,
P343,XIAOMI SMART TV 55A PRO 2026 QLED,5449000,XIAOMI SMART TV,img\produk\XIAOMI SMART TV 43A PRO 2026 QLED.webp,,
P344,XIAOMI SMART TV 65A PRO 2026 QLED,7449000,XIAOMI SMART TV,img\produk\XIAOMI SMART TV 43A PRO 2026 QLED.webp,,
P345,XIAOMI SMART TV 100MAX QLED,29798000,XIAOMI SMART TV,img\produk\XIAOMI SMART TV 100MAX QLED.webp,,
P346,HUAWEI MATEPAD SE 6/128GB,2699000,HUAWEI,img\produk\HUAWEI MATEPAD SE.png,,
P347,HUAWEI MATEPAD 11.5  6/128,4299000,HUAWEI,img\produk\HUAWEI MATEPAD 11.5 6 128GB.png,,4249000
P348,HUAWEI MATEPAD 11.5  8/256GB,5979000,HUAWEI,img\produk\HUAWEI MATEPAD 11.5 6 128GB.png,,5929000
P349,HUAWEI MATEPAD 12X 2026,9299000,HUAWEI,img\produk\HUAWEI MATEPAD 12X 2026 OTW.png,,9199000
P350,TECNO GO 3 4/64GB,1419000,TECNO,img\produk\TECNO GO3.webp,"CPU: Unisoc T7250   RAM: 4GB; ROM: 128GB; LAYAR: 120Hz 6.75'' Dot Notch Screen; BATERAI:  5000mAh; KAMERA:  Front: 8MP     Rear: 13MP, Rear Dual Flash",
P351,TECNO GO 3 4/128GB,1619000,TECNO,img\produk\TECNO GO3.webp,"CPU: Unisoc T7250   RAM: 4GB; ROM: 128GB; LAYAR: 120Hz 6.75'' Dot Notch Screen; BATERAI:  5000mAh; KAMERA:  Front: 8MP     Rear: 13MP, Rear Dual Flash",
P352,TECNO SPARK 40 6/128GB,1989000,TECNO,img\produk\TECNO SPARK 40.webp,,
P353,TECNO SPARK 40 8/256GB,2189000,TECNO,img\produk\TECNO SPARK 40.webp,,
P354,TECNO SPARK 40 PRO+ 8/128GB,2749000,TECNO,img\produk\TECNO SPARK 40 PRO+.webp,,
P355,TECNO SPARK 40 PRO+ 8/256GB,2949000,TECNO,img\produk\TECNO SPARK 40 PRO+.webp,,
P356,TECNO CAMON 40 8/128GB,2899000,TECNO,img\produk\CAMON 40.webp,,
P357,TECNO CAMON 40 8/256GB,3149000,TECNO,img\produk\CAMON 40.webp,,
P358,TECNO CAMON 40 PRO 5G 8/256GB,4499000,TECNO,img\produk\TECNO CAMON 40 PRO 5G.webp,,
P359,TECNO CAMON 40 PRO 5G 12/256GB,4299000,TECNO,img\produk\TECNO CAMON 40 PRO 5G.webp,,
P360,TECNO CAMON 50 8/128GB,3699000,TECNO,img\produk\TECNO CAMON 50.webp,,3599000
P361,TECNO CAMON 50 8/256GB,4299000,TECNO,img\produk\TECNO CAMON 50.webp,,4199000
P362,TECNO CAMON 50 12/256GB,5099000,TECNO,img\produk\TECNO CAMON 50.webp,,4999000
P363,TECNO POVA7 4G 8/128GB,2699000,TECNO,img\produk\TECNO POVA7 4G.webp,,
P364,TECNO POVA7 4G 8/256GB,2899000,TECNO,img\produk\TECNO POVA7 4G.webp,,
P365,TECNO POVA7 5G 8/128GB,3099000,TECNO,img\produk\TECNO POVA7 5G.webp,,2999000
P366,TECNO POVA7 5G 8/256GB,3299000,TECNO,img\produk\TECNO POVA7 5G.webp,,3199000
P367,TECNO POVA7 CURVE 5G 8/256GB,3179000,TECNO,img\produk\TECNO POVA7 CURVE 5G.webp,,
P368,TECNO POVA7 ULTRA 5G 12/256GB,5299000,TECNO,img\produk\TECNO POVA7 ULTRA 5G.webp,,
P369,TECNO MEGAPAD SE 4/128GB,2429000,TECNO,img\produk\TECNO MEGAPAD SE.jfif,,
P370,TECNO MEGAPAD 11 8/128GB,2779000,TECNO,img\produk\TECNO MEGAPAD 11.webp,,
P371,TECNO MEGAPAD 11 8/256GB,2969000,TECNO,img\produk\TECNO MEGAPAD 11.webp,,
P372,INFINIX SMART10 4/64GB,1349000,INFINIX,img\produk\INFINIX SMART 10.webp,,
P373,INFINIX SMART10 4/128GB,1449000,INFINIX,img\produk\SMART 10 1.webp,,1399000
P374,INFINIX HOT 60i 8/256GB,2199000,INFINIX,img\produk\HOT 6I.webp,,2089000
P375,INFINIX HOT 60 PRO 8/256GB,2599000,INFINIX,img\produk\HOT 60 PRO +.webp,,2509000
P376,INFINIX HOT 60 PRO+ 8/128GB,2709000,INFINIX,img\produk\HOT 60 PRO +.webp,,2609000
P377,INFINIX HOT 60 PRO+ 8/256GB,2899000,INFINIX,img\produk\HOT 60 PRO +.webp,,2799000
P378,INFINIX NOTE 50 8/256GB,2779000,INFINIX,img\produk\NOTE 50 INFINIX.webp,,
P379,INFINIX NOTE 50 PRO 4G 8/256GB,3199000,INFINIX,img\produk\NOTE 50 PRO.webp,,
P380,INFINIX NOTE 60 8/256GB OTW,3999000,INFINIX,img\produk\INFINIX NOTE 60.webp,,
P381,INFINIX NOTE 60 PRO 8/256GB OTW,5199000,INFINIX,img\produk\INFINIX NOTE 60 PRO.jpeg,,
P382,INFINIX NOTE 60 PRO 12/256GB OTW,5799000,INFINIX,img\produk\INFINIX NOTE 60 PRO.jpeg,,
P383,INFINIX GT 30 8/256GB,3499000,INFINIX,img\produk\GT30.webp,,3429000
P384,INFINIX GT 30 PRO 8/256GB,4099000,INFINIX,img\produk\GT30 PRO.webp,,3999000
P385,INFINIX GT 30 PRO 12/256GB,4699000,INFINIX,img\produk\GT30 PRO.webp,,
P386,INFINIX GT 30 PRO 8/256GB GAMING SPESIAL EDITION,4299000,INFINIX,img\produk\GT30 PRO GAMING EDITION.webp,,
P387,INFINIX XPAD 30E 4/128GB OTW,2506000,INFINIX,img\produk\INFINIX XPAD 30E 4 128GB OTW.webp,,2456000
P388,INFINIX TAB XPAD20 LTE 8/256GB,2699000,INFINIX,img\produk\LTE.webp,,2649000
P389,INFINIX TAB XPAD20 PRO 8/256GB,3399000,INFINIX,img\produk\XPAD PRO.webp,,
P390,SAMSUNG A07 4/128GB,1699000,SAMSUNG,img\produk\A07.avif,,
P391,SAMSUNG A07 6/128GB,1999000,SAMSUNG,img\produk\A07.avif,,
P392,SAMSUNG A07 8/256GB,2399000,SAMSUNG,img\produk\A07 256GB HIJAU.avif,,
P393,SAMSUNG A17 128GB,3099000,SAMSUNG,img\produk\A17.avif,,
P394,SAMSUNG A17 256GB,3499000,SAMSUNG,img\produk\A17.avif,,
P395,SAMSUNG A17 5G 8/256GB,3799000,SAMSUNG,img\produk\A17 5G.avif,,
P396,SAMSUNG A26 5G 8/256GB,4299000,SAMSUNG,img\produk\A26.avif,,
P397,SAMSUNG A36 5G 8/256GB,5299000,SAMSUNG,img\produk\A36.avif,,
P398,SAMSUNG A56 5G 8/256GB,6299000,SAMSUNG,img\produk\A56.avif,,
P399,SAMSUNG A56 5G 12/256GB,6799000,SAMSUNG,img\produk\A56.avif,,
P400,SAMSUNG S25FE 256GB,9999000,SAMSUNG,img\produk\S25FE.avif,,
P401,SAMSUNG S25FE 512GB,10999000,SAMSUNG,img\produk\S25FE.avif,,
P402,SAMSUNG S25 256GB,13799000,SAMSUNG,img\produk\S25.jpg,,
P403,SAMSUNG S25 512GB,15799000,SAMSUNG,img\produk\S25.jpg,,
P404,SAMSUNG S25 ULTRA 256GB,20999000,SAMSUNG,img\produk\S25ULTRA.jpg,,
P405,SAMSUNG S25 ULTRA 512GB,22999000,SAMSUNG,img\produk\S25ULTRA.jpg,,
P406,SAMSUNG ZFLIP7 256GB,17999000,SAMSUNG,img\produk\ZFLIP7.png,,
P407,SAMSUNG ZFOLD7 256GB,28999000,SAMSUNG,img\produk\ZFOLD.png,,
P408,SAMSUNG ZFOLD7 512GB,30499000,SAMSUNG,img\produk\ZFOLD.png,,
P409,SAMSUNG TAB A11 WIFI 4/64GB,2499000,SAMSUNG,img\produk\TAB A11.webp,,
P410,SAMSUNG TAB A11 LTE 4/64GB,2699000,SAMSUNG,img\produk\TAB A11.webp,,
P411,SAMSUNG TAB A11 + WIFI 6/128GB BUNDLING BOOKCOVER,2999000,SAMSUNG,img\produk\TAB A11 1.webp,,
P412,SAMSUNG TAB A11 5G 6/128GB BUNDLING BOOKCOVER,3999000,SAMSUNG,img\produk\TAB A11 1.webp,,
P413,SAMSUNG TAB S10 LITE WIFI 6/128GB,5399000,SAMSUNG,img\produk\S10 TAB.avif,,
P414,SAMSUNG TAB S11 5G 12/256GB BUNDLING KEYBOARD,16999000,SAMSUNG,img\produk\SAMSUNG Tab S11 5G 12 256.webp,,16499000
P415,SAMSUNG WATCH FE,3199000,SAMSUNG,img\produk\WATCH FE.avif,,
P416,SAMSUNG BUDS CORE,799000,SAMSUNG,img\produk\BUDS CORE.avif,,
P417,SAMSUNG GALAXY FIT3,899000,SAMSUNG,img\produk\FIT 3.avif,,
P418,ADAPTOR ORI 25W TANPA KABEL,349000,SAMSUNG,img\produk\ADAPTOR ORI 25W TANPA KABEL.avif,,
P419,ADAPTOR ORI 45W INCLUDE CABLE,549000,SAMSUNG,img\produk\ADAPTOR ORI 45W INCLUDE CABLE.avif,,
P420,ADAPTOR ORI 45W TANPA KABEL,449000,SAMSUNG,img\produk\ADAPTOR ORI 45W INCLUDE CABLE.avif,,
P421,REALME NOTE60X 4/64GB,1299000,REALME,img\produk\NOTE60X.jpg,,
P422,REALME NOTE 70 4/64GB,1499000,REALME,img\produk\REALME NOTE70.png,,
P423,REALME NOTE 70 4/128GB,1599000,REALME,img\produk\REALME NOTE70.png,,
P424,REALME C71 4/128GB,1899000,REALME,img\produk\REALMEC71.jpg,,
P425,REALME C71 6/128GB,2099000,REALME,img\produk\REALMEC71.jpg,,
P426,REALME C71 8/128GB,2399000,REALME,img\produk\REALMEC71.jpg,,
P427,REALME C85 6/128GB,2599000,REALME,img\produk\REALME C85.jpg,,
P428,REALME C85 8/128GB,2799000,REALME,img\produk\REALME C85.jpg,,
P429,REALME C85 8/256GB,2999000,REALME,img\produk\REALME C85.jpg,,
P430,REALME C85 PRO 8/128GB,2999000,REALME,img\produk\REALME C85 PRO.jpg,,
P431,REALME C85 PRO 8/256GB,3299000,REALME,img\produk\REALME C85 PRO.jpg,,
P432,REALME R15T 8/128GB,3499000,REALME,img\produk\REALME R15T.jpg,,
P433,REALME R15T 8/256GB,3799000,REALME,img\produk\REALME R15T.jpg,,
P434,REALME R15 5G 8/256GB,4699000,REALME,img\produk\REALME R15 5G.png,,
P435,REALME R15 5G 12/256GB,4999000,REALME,img\produk\REALME R15 5G.png,,
P436,REALME R15 PRO 5G 12/256GB,6599000,REALME,img\produk\REALME R15 PRO 5G.png,,
P437,REALME R15 PRO 5G 12/512GB,6999000,REALME,img\produk\REALME R15 PRO 5G.png,,
P438,REALME GT 7T,6499000,REALME,img\produk\REALME GT 7T.png,,
P439,REALME GT7 ,7999000,REALME,img\produk\REALME GT7.png,,
P440,SONY PLAYSTATION PS5 SLIM DISC VERSION,9999000,SONY PLAYSTATION,img\produk\PLAY.webp,,
P441,SONY PLAYSTATION PS5 SLIM +NBA2K26,10399000,SONY PLAYSTATION,img\produk\BUNDLE BUNDLE.webp,,
P442,SONY PLAYSTATION PS5 SLIM DIGITAL VERSION,8199000,SONY PLAYSTATION,img\produk\DIGITAL VERSION.webp,,
P443,SONY PLAYSTATION STIK PS5,1499000,SONY PLAYSTATION,img\produk\STIK.webp,,
P444,IPOS 5 STANDAR VERSI SERIAL,550000,IPOS,img\produk\IPOS STANDAR.jpeg,"VERSI SERIAL HANYA BERLAKU 2X
JIKA PC SERVER RUSAK SETELAH INSTAL 2X MAKA PERLU BELI SERIAL ULANG DENGAN HARGA 550.000",
P445,IPOS 5 PROFESIONAL VERSI SERIAL,850000,IPOS,img\produk\IPOS 5 PRO SERIAL.jpeg,"VERSI SERIAL HANYA BERLAKU 2X
 JIKA PC SERVER RUSAK SETELAH INSTAL 2X MAKA PERLU BELI SERIAL ULANG DENGAN HARGA 850.000",
P446,IPOS 5 PROFESIONAL VERSI DONGLE,2800000,IPOS,img\produk\IPOS PRO DONGLE.jpeg,VERSI DONGLE SEMASA MASIH BERLAKU GARANSI 1 TAHUN RUSAK AKAN DIGANTI YANG BARU  JIKA LEWAT MAKA BELI ULANG DENGAN HARGA BARU,
P447,IPOS 5 ULTIMATE VERSI DONGLE,3350000,IPOS,img\produk\IPOS 5 ULTIMATE.jpeg,VERSI DONGLE SEMASA MASIH BERLAKU GARANSI 1 TAHUN RUSAK AKAN DIGANTI YANG BARU  JIKA LEWAT MAKA BELI ULANG DENGAN HARGA BARU,
P448,IPOS APOTIK & KLINIK,600000,IPOS,img\produk\APOTIK KLINIK.jpeg,,
P449,PERPANJANG UPDATE  IPOS 5 STANDARD (OPSIONAL),300000,IPOS,img\produk\PERPANJANG.jpeg,OPSIONAL JIKA PERLU UPDATE FITUR TERBARU SETELAH 1 TAHUN,
P450,PERPANJANG UPDATE  IPOS 5 PROFESIONAL (OPSIONAL),450000,IPOS,img\produk\PERPANJANG.jpeg,OPSIONAL JIKA PERLU UPDATE FITUR TERBARU SETELAH 1 TAHUN,
P451,PERPANJANG UPDATE  IPOS 5 PROFESIONAL DONGLE (OPSIONAL),900000,IPOS,img\produk\PERPANJANG.jpeg,OPSIONAL JIKA PERLU UPDATE FITUR TERBARU SETELAH 1 TAHUN,
P452,PERPANJANG UPDATE  IPOS 5 ULTIMATE (OPSIONAL),1000000,IPOS,img\produk\PERPANJANG.jpeg,OPSIONAL JIKA PERLU UPDATE FITUR TERBARU SETELAH 1 TAHUN,
P453,CANON PIXMA E 470,930000,CANON,img\produk\CANON PIXMA E470.png,PRINT/SCAN/COPY A4,
P454,CANON G1730 HANYA PRINT ONLY,1639000,CANON,img\produk\CANON G1730.png,PRINT ,
P455,CANON G4770,3859000,CANON,img\produk\CANON G4770.webp,PRINT/SCAN/COPY/WIFI/ADF/FAX,
P456,EPSON L121 HANYA PRINT ONLY,1629000,EPSON,img\produk\EPSON L121.jfif,PRINT,
P457,EPSON L1210 HANYA PRINT ONLY,2279000,EPSON,img\produk\EPSON L1210.jfif,PRINT,
P458,EPSON L3211,2279000,EPSON,img\produk\EPSON L3211.jfif,PRINT/SCAN/COPY/ A4,
P459,EPSON L3250 WIFI,2799000,EPSON,img\produk\EPSON L3250.jpg,PRINT/SCAN/COPY/WIFI A4,
P460,EPSON L5290,4059000,EPSON,img\produk\EPSON L5290.jpg,PRINT/SCAN/COPY/WIFI A4,
P461,EPSON L6270,5069000,EPSON,img\produk\EPSON L6270.jpg,PRINT/SCAN/COPY/WIFI F4,
P462,PSU JARING 10A,126000,POWER SUPPLY CCTV,img\produk\PSU CCTV.jpg,,
P463,PSU JARING 20A,216000,POWER SUPPLY CCTV,img\produk\PSU CCTV.jpg,,
P464,PSU DAHUA 4 PORT,185000,POWER SUPPLY CCTV,img\produk\PSU DAHUA CCTV.jfif,,
P465,PSU DAHUA 8 PORT,226000,POWER SUPPLY CCTV,img\produk\PSU DAHUA CCTV.jfif,,
P466,PSU HIKVISION 4 PORT,230000,POWER SUPPLY CCTV,img\produk\PSU HIKVISION CCTV.jfif,,
P467,PSU HIKVISION 8 PORT,270000,POWER SUPPLY CCTV,img\produk\PSU HIKVISION CCTV.jfif,,
P468,BATERAI UPS YUASA 12V 7Ah ,380000,YUASA,img\produk\BATETERAI UPS YUASA.jpg,,
P469,BATERAI UPS YUASA 12V 9Ah ,668000,YUASA,img\produk\BATERAI UPS YUASA 9 12.webp,,
P470,KABEL FIBER OPTIK 50 METER PRECONT+PATCHORD,95000,KABEL FIBER OPTIK,img\produk\KABEL FO.webp,,
P471,KABEL FIBER OPTIK 80 METER PRECONT+PATCHORD,128000,KABEL FIBER OPTIK,img\produk\KABEL FO.webp,,
P472,KABEL FIBER OPTIK 100 METER PRECONT+PATCHORD,138500,KABEL FIBER OPTIK,img\produk\KABEL FO.webp,,
P473,KABEL FIBER OPTIK 150 METER PRECONT+PATCHORD,175000,KABEL FIBER OPTIK,img\produk\KABEL FO.webp,,
P474,KABEL FIBER OPTIK 200 METER PRECONT+PATCHORD,235000,KABEL FIBER OPTIK,img\produk\KABEL FO.webp,,
P475,KABEL FIBER OPTIK 250 METER PRECONT+PATCHORD,285000,KABEL FIBER OPTIK,img\produk\KABEL FO.webp,,
P476,KABEL FIBER OPTIK 300 METER PRECONT+PATCHORD,345000,KABEL FIBER OPTIK,img\produk\KABEL FO.webp,,
P477,KABEL FIBER OPTIK 350 METER PRECONT+PATCHORD,395000,KABEL FIBER OPTIK,img\produk\KABEL FO.webp,,
P478,INDOSAT KARTU 4G HOME MODEM WIFI ROUTER HKM 0127+,635000,INDOSAT ROUTER,img\produk\INDOSAT.webp,,
P479,MERCUSYS MB110-4G 300Mbps,635000,MERCUSYS,img\produk\MERCUSYS MB110.jpg,,
P480,KABEL COAXIAL SCHNELL R6,945000,KABEL COAXIAL CCTV,img\produk\KABEL COAXIAL RG6.jpg,,
P481,KABEL COAXIAL PROVIEW 300M  R6,1235000,KABEL COAXIAL CCTV,img\produk\KABEL COAXIAL PROVIEW.png,,
P482,PAKET SIAP ONLINE 1,3085000,PAKET INCLUDE INSTALASI,img\produk\PAKET SIAP ONLINE 1.jpg,,
P483,PAKET SIAP ONLINE 2,2860000,PAKET INCLUDE INSTALASI,img\produk\PAKET SIAP ONLINE 2.jpg,,
P484,PAKET SIAP ONLINE 3,4585000,PAKET INCLUDE INSTALASI,img\produk\PAKE SIAP ONLINE 3.jpg,,
P485,PAKET SIAP ONLINE 4,4295000,PAKET INCLUDE INSTALASI,img\produk\PAKET SIAP ONLINE 4.jpg,,
P486,PAKE FAMILI 1,2520000,PAKET INCLUDE INSTALASI,img\produk\PAKET FAMILI 1.jpg,,
P487,PAKET FAMILI 2,2295000,PAKET INCLUDE INSTALASI,img\produk\PAKET FAMILI 2.jpg,,
P488,PAKET FAMILI 3,4020000,PAKET INCLUDE INSTALASI,img\produk\PAKET FAMILI 3.jpg,,
P489,PAKET FAMILI 4,3730000,PAKET INCLUDE INSTALASI,img\produk\PAKET FAMILI 4.jpg,,
P490,MONITOR LG IPS 19M38L,1300000,LG,img\produk\LG IPS 19M38L.avif,Fitur Utama      Red/Green Color Weakness    Smart Energy Saving   Eye Comforts    Multitasking & Easy To Use,
P491,MONITOR LG  IPS 22U401A-B 21.5'',1360000,LG,img\produk\MONITOR LG  IPS 22U401A-B 21.5''.avif,Fitur Utama      Full HD    100Hz refresh rate     1ms Motion Blur Reduction     HDR 10 / sRGB 99% (Typ.)      Ergonomic design with -5 to 20C tilt      Dynamic Action Sync / Black Stabilizer,
P492,MONITOR LG  IPS 24U411A-B 24'',1430000,LG,img\produk\MONITOR LG  IPS 24U411A-B 24''.avif,"Fitur Utama      Full HD      120Hz refresh rate, 1ms Motion Blur Reduction    4-side virtually borderless design     HDR 10 / sRGB 99% (Typ.)       Ergonomic design with -5 to 20 tilt    Dynamic Action Sync / Black Stabilizer",
P493,MONITOR LG  IPS 27U411A-B 27'',1800000,LG,img\produk\MONITOR LG  IPS 27U411A-B 27''.avif,"Fitur Utama      Full HD      120Hz refresh rate, 1ms Motion Blur Reduction        4-side virtually borderless design     HDR 10 / sRGB 99% (Typ.)     Ergonomic design with -5 to 20 tilt     Dynamic Action Sync / Black Stabilizer",
P494,MONITOR LG  VA LED 24GS50F 24'' GAMING,1890000,LG,img\produk\MONITOR LG  VA LED 24GS50F 24'' GAMING.avif,Fitur Utama      24-inch FHD (1920x1080) display      180Hz refresh rate     HDR 10      3-side virtually borderless design       1ms MBR     AMD FreeSync,
P495,MONITOR LG  VA LED 27GS50F 27'' GAMING,2339000,LG,img\produk\MONITOR LG  VA LED 27GS50F 27'' GAMING.avif,Fitur Utama      27-inch FHD (1920x1080) display      180Hz refresh rate       HDR 10       3-side virtually borderless design       1ms MBR      AMD FreeSync,
P496,MONITOR LG  IPS 24GS60F 24'' ULTRA GEAR GAMING,2200000,LG,img\produk\MONITOR LG  IPS 24GS60F 24'' ULTRA GEAR GAMING.avif,"Fitur Utama     23.8-inch Full HD (1920 X 1080) Display     IPS 1ms (GtG)       180Hz Refresh Rate
HDR10 / sRGB 99% (Typ.)      3-Side Virtually Borderless Design    NVIDIA G-SYNC Compatible / AMD FreeSync",
P497,MONITOR LG  IPS 27GS60F 27'' ULTRA GEAR GAMING,2499000,LG,img\produk\MONITOR LG  IPS 27GS60F 27'' ULTRA GEAR GAMING.avif,"Fitur Utama     27-inch Full HD (1920 X 1080) Display      IPS 1ms (GtG)     180Hz Refresh Rate
HDR10 / sRGB 99% (Typ.)      3-Side Virtually Borderless Design   NVIDIA G-SYNC Compatible / AMD FreeSync",
P498,MONITOR LG  IPS 29U511 29'' ULTRA WIDE,2689000,LG,img\produk\MONITOR LG  IPS 29U511 29'' ULTRA WIDE.avif,"Fitur Utama      29-inch 21:9 WFHD (2560x1080) IPS Display        3-Side Virtually Borderless Design
sRGB 99% (Typ.)  Color Calibrated in factory       250nits (Typ.) Brightness / HDR 10
100Hz Refresh Rate, 1ms MBR   Black Stabilizer, DAS, Game Mode, Crosshair",
P499,MONITOR LG  IPS LED 27GS75Q 27'' QHD,3289000,LG,img\produk\MONITOR LG  IPS LED 27GS75Q 27'' QHD.avif,"Fitur Utama      27-inch QHD (2560x1440) IPS display       180Hz (O/C 200Hz) refresh rate      IPS 1ms (GtG) response time     HDR10 / sRGB 99% (Typ.)    3-side virtually borderless design      NVIDIA G-SYNC Compatible, AMD FreeSync",
P500,MONITOR LG  IPS LED 27US500 27'' 4K,3860000,LG,img\produk\MONITOR LG  IPS LED 27US500 27'' 4K.avif,"Fitur Utama      Monitor IPS de 27"" com resoluo UHD 4K (3840x2160 pixis)     90% de reproduo de cor DCI-P3      300 nits de brilho     Compatvel com contedos HDR10     Design de ecr com 3 margens praticamente invisveis",
P501,MONITOR LG  LED 17BR30T 17'' TOUCHSCREEN,3299000,LG,img\produk\MONITOR LG  LED 17BR30T 17'' TOUCHSCREEN.avif,"Fitur Utama      17 5:4 SXGA (1280x1024) TN display     Built-in power      Smart Energy Saving
Tilt adjustable stand     5ms response time",
P502,MONITOR LG  IPS 24U421A-B 24'' CURVED*NEW,1620000,LG,img\produk\MONITOR LG  IPS 24U421A-B 24'' CURVED NEW.jpg,Fitur Utama      23.8 FHD curved display (1500R)     sRGB 99% (Typ.) / 100Hz refresh rate     USB-C (PD 15W)      Reader Mode & Flicker Safe      Tilt adjustable stand     LG Switch app,
P503,MONITOR LG  IPS 27U421A-B 27'' CURVED*NEW,1920000,LG,img\produk\MONITOR LG  IPS 27U421A-B 27'' CURVED NEW.avif,Fitur Utama      27 FHD curved display (1500R)        sRGB 99% (Typ.) / 100Hz refresh rate     USB-C (PD 15W)     Reader Mode & Flicker Safe      Tilt adjustable stand     LG Switch app,
P504,IPHONE 13 128GB,8529000,APPLE,img\produk\IPHONE 13.webp,,
P505,IPHONE 14 128GB,8799000,APPLE,img\produk\IPHONE 14.webp,BLUE * MIDNIGHT * STARLIGHT,
P506,IPHONE 15 128GB,11249000,APPLE,img\produk\IPHONE 15 128GB.webp,BLACK * BLUE * PINK,
P507,IPHONE 15 256GB,13749000,APPLE,img\produk\IPHONE 15 128GB.webp,PINK,
P508,IPHONE 16 128GB,13999000,APPLE,img\produk\IPHONE 16.webp,PINK,
P509,IPHONE 16 PRO 128GB,17499000,APPLE,img\produk\IPHONE 16 PRO 256.webp,BLACK * DESSERT,17399000
P510,IPHONE 16 PRO 256GB,19999000,APPLE,img\produk\IPHONE 16 PRO 256.webp,BLACK * DESSERT,19899000
P511,IPHONE 16 PROMAX 256GB,20999000,APPLE,img\produk\IPHONE 16 PROMAX 256GB.webp,BLACK * NATURAL * DESSERT * WHITE,21299000
P512,IPHONE 16 PROMAX 512GB,24999000,APPLE,img\produk\IPHONE 16 PROMAX 512GB.webp,,25399000
P513,IPHONE 17 256GB,17299000,APPLE,img\produk\IPHONE 17 256GB.webp,LAVENDER * BLUE * WHITE,17199000
P514,IPHONE 17 AIR 256GB,17999000,APPLE,img\produk\IPHONE 17 AIR 256GB.webp,BLACK * BLUE * WHITE ,17899000
P515,IPHONE 17 PRO 256GB BLUE/ORANGE,23749000,APPLE,img\produk\IPHONE 17 PRO 256GB BLUE   ORANGE.webp,ORANGE * BLUE * SILVER,23649000
P516,IPHONE 17 PRO 256GB SILVER,23749000,APPLE,img\produk\IPHONE 17 PRO 256GB SILVER.webp,ORANGE * BLUE * SILVER,
P517,IPHONE 17 PROMAX 256GB,25749000,APPLE,img\produk\IPHONE 17 PROMAX 256GB.webp,BLUE * ORANGE ,
P518,IPHONE 17 PROMAX 512 BLUE/ORANGE,30249000,APPLE,img\produk\IPHONE 17 PROMAX 512.webp,BLUE,
P519,IPHONE 17 PROMAX 512GB SILVER,30760000,APPLE,img\produk\IPHONE 17 PROMAX SILVER.webp,,
P520,ADAPTER ORI 20W,499000,APPLE,img\produk\ADAPTER ORI 20W.webp,,
P521,WATCH SE3 44MM,5149000,APPLE,img\produk\WATCH SE3 44MM.webp,,
P522,WATCH SE3 40MM,4549000,APPLE,img\produk\WATCH SE3 40MM.webp,,
P523,WATCH S10 46MM,4999000,APPLE,img\produk\WATCH S10 46MM.webp,,
P524,WATCH S10 42MM,4499000,APPLE,img\produk\WATCH S10 42MM.webp,,
P525,WATCH S11 46MM,7649000,APPLE,img\produk\WATCH S11 46MM.webp,,
P526,WATCH S11 42MM,7049000,APPLE,img\produk\WATCH S11 42MM.webp,,
P527,IPAD 11 WIFI 128GB,6699000,APPLE,img\produk\IPAD 11 WIFI 128GB.webp,,6599000
P528,IPAD 11 WIFI 256GB,8699000,APPLE,img\produk\IPAD 11 WIFI 128GB.webp,,8599000
P529,APPLE PENCIL USB -C,1849000,APPLE,img\produk\APPLE PENCIL USB -C.webp,,
P530,MACBOOK AIR 2023 15.3 INCHI M2 8/256GB,17999000,APPLE,img\produk\MACBOOK AIR 2023 15.3 INCHI M2 8 256GB.png,,
P531,MACBOOK AIR 2025 13 INCHI M4 16/256GB,15699000,APPLE,img\produk\MACBOOK AIR 2025 13 INCHI M4 16 512GB.webp,,
P532,MACBOOK AIR 2025 13 INCHI M4 16/512GB,19199000,APPLE,img\produk\MACBOOK AIR 2025 13 INCHI M4 16 256GB.webp,,
P533,MACBOOK AIR 2025 13 INCHI M4 24/512GB,22699000,APPLE,img\produk\MACBOOK AIR 2025 13 INCHI M4 24 512GB.webp,,
P534,TINTA EPSON 003 (harga per botol),98000,TINTA PRINTER EPSON,img\produk\tinta epson 003.jpg,,
P535,TINTA EPSON 664 (harga per botol),98000,TINTA PRINTER EPSON,img\produk\tinta epson 664.jfif,,
